Name,Group,Video,fps,start / mm:ss:frame,end / mm:ss:frame,camera motion / bool,flags,diff,sum(diff) - length ,abr,exp
SurgVisDom,SurgVisDom_test_no_indicators,test/test_video_0002.mp4,20,0:00:00,1:16:00,false,type1,1:16:00,0:00:00,lhs,left hand side
SurgVisDom,SurgVisDom_test_no_indicators,test/test_video_0002.mp4,20,1:16:00,1:19:00,true,type1,0:03:00,,rhs,right hand side
SurgVisDom,SurgVisDom_test_no_indicators,test/test_video_0002.mp4,20,1:19:00,1:47:00,false,type1,0:28:00,,bs,bot side
SurgVisDom,SurgVisDom_test_no_indicators,test/test_video_0002.mp4,20,1:47:00,1:57:00,true,type1,0:10:00,,t,top
SurgVisDom,SurgVisDom_test_no_indicators,test/test_video_0002.mp4,20,1:57:00,2:50:00,false,type1,0:53:00,,,
SurgVisDom,SurgVisDom_test_no_indicators,test/test_video_0002.mp4,20,2:50:00,2:56:00,true,type1,0:06:00,,,
SurgVisDom,SurgVisDom_test_no_indicators,test/test_video_0002.mp4,20,2:56:00,3:18:00,false,type1,0:22:00,,,
SurgVisDom,SurgVisDom_test_no_indicators,test/test_video_0002.mp4,20,3:18:00,3:24:00,true,type1,0:06:00,,,
SurgVisDom,SurgVisDom_test_no_indicators,test/test_video_0002.mp4,20,3:24:00,10:17:00,false,type1,6:53:00,,,
SurgVisDom,SurgVisDom_test_no_indicators,test/test_video_0002.mp4,20,10:17:00,10:20:00,true,type1,0:03:00,,,
SurgVisDom,SurgVisDom_test_no_indicators,test/test_video_0002.mp4,20,10:20:00,10:24:00,false,type1,0:04:00,,,
SurgVisDom,SurgVisDom_test_no_indicators,test/test_video_0002.mp4,20,10:24:00,10:30:00,true,type1,0:06:00,,,
SurgVisDom,SurgVisDom_test_no_indicators,test/test_video_0002.mp4,20,10:30:00,22:31:00,false,type1,12:01:00,,,
SurgVisDom,SurgVisDom_test_no_indicators,test/test_video_0003.mp4,20,0:00:00,0:17:00,false,type2,0:17:00,0:00:00,,
SurgVisDom,SurgVisDom_test_no_indicators,test/test_video_0003.mp4,20,0:17:00,0:20:00,true,type2,0:03:00,,,
SurgVisDom,SurgVisDom_test_no_indicators,test/test_video_0003.mp4,20,0:20:00,0:25:00,false,type2,0:05:00,,,
SurgVisDom,SurgVisDom_test_no_indicators,test/test_video_0003.mp4,20,0:25:00,0:28:00,true,type2,0:03:00,,,
SurgVisDom,SurgVisDom_test_no_indicators,test/test_video_0003.mp4,20,0:28:00,0:53:00,false,type2,0:25:00,,,
SurgVisDom,SurgVisDom_test_no_indicators,test/test_video_0003.mp4,20,0:53:00,0:56:00,true,type2,0:03:00,,,
SurgVisDom,SurgVisDom_test_no_indicators,test/test_video_0003.mp4,20,0:56:00,1:03:00,false,type2,0:07:00,,,
SurgVisDom,SurgVisDom_test_no_indicators,test/test_video_0003.mp4,20,1:03:00,1:05:00,true,type2,0:02:00,,,
SurgVisDom,SurgVisDom_test_no_indicators,test/test_video_0003.mp4,20,1:05:00,1:09:00,false,type2,0:04:00,,,
SurgVisDom,SurgVisDom_test_no_indicators,test/test_video_0003.mp4,20,1:09:00,1:12:00,true,type2,0:03:00,,,
SurgVisDom,SurgVisDom_test_no_indicators,test/test_video_0003.mp4,20,1:12:00,1:15:00,false,type2,0:03:00,,,
SurgVisDom,SurgVisDom_test_no_indicators,test/test_video_0003.mp4,20,1:15:00,1:17:00,true,type2,0:02:00,,,
SurgVisDom,SurgVisDom_test_no_indicators,test/test_video_0003.mp4,20,1:17:00,1:49:00,false,type2,0:32:00,,,
SurgVisDom,SurgVisDom_test_no_indicators,test/test_video_0003.mp4,20,1:49:00,1:51:00,true,type2,0:02:00,,,
SurgVisDom,SurgVisDom_test_no_indicators,test/test_video_0003.mp4,20,1:51:00,1:56:00,false,type2,0:05:00,,,
SurgVisDom,SurgVisDom_test_no_indicators,test/test_video_0003.mp4,20,1:56:00,2:02:00,true,type2,0:06:00,,,
SurgVisDom,SurgVisDom_test_no_indicators,test/test_video_0003.mp4,20,2:02:00,2:43:00,false,type2,0:41:00,,,
SurgVisDom,SurgVisDom_test_no_indicators,test/test_video_0003.mp4,20,2:43:00,2:46:00,true,type2,0:03:00,,,
SurgVisDom,SurgVisDom_test_no_indicators,test/test_video_0003.mp4,20,2:46:00,2:51:00,false,type2,0:05:00,,,
SurgVisDom,SurgVisDom_test_no_indicators,test/test_video_0003.mp4,20,2:51:00,2:53:00,true,type2,0:02:00,,,
SurgVisDom,SurgVisDom_test_no_indicators,test/test_video_0003.mp4,20,2:53:00,2:58:00,false,type2,0:05:00,,,
SurgVisDom,SurgVisDom_test_no_indicators,test/test_video_0003.mp4,20,2:58:00,3:00:00,true,type2,0:02:00,,,
SurgVisDom,SurgVisDom_test_no_indicators,test/test_video_0003.mp4,20,3:00:00,3:32:00,false,type2,0:32:00,,,
SurgVisDom,SurgVisDom_test_no_indicators,test/test_video_0005.mp4,20,0:00:00,2:10:00,false,type2,2:10:00,0:00:00,,
SurgVisDom,SurgVisDom_test_no_indicators,test/test_video_0005.mp4,20,2:10:00,2:14:00,true,type2,0:04:00,,,
SurgVisDom,SurgVisDom_test_no_indicators,test/test_video_0005.mp4,20,2:14:00,5:13:00,false,type2,2:59:00,,,
SurgVisDom,SurgVisDom_test_no_indicators,test/test_video_0006.mp4,20,0:00:00,4:55:00,false,type1,4:55:00,0:00:00,,
SurgVisDom,SurgVisDom_test_no_indicators,test/test_video_0006.mp4,20,4:55:00,4:58:00,true,type1,0:03:00,,,
SurgVisDom,SurgVisDom_test_no_indicators,test/test_video_0006.mp4,20,4:58:00,8:44:00,false,type1,3:46:00,,,
SurgVisDom,SurgVisDom_test_no_indicators,test/test_video_0007.mp4,20,0:00:00,1:51:00,false,type1,1:51:00,0:00:00,,
SurgVisDom,SurgVisDom_test_no_indicators,test/test_video_0007.mp4,20,1:51:00,1:54:00,true,type1,0:03:00,,,
SurgVisDom,SurgVisDom_test_no_indicators,test/test_video_0007.mp4,20,1:54:00,3:41:00,false,type1,1:47:00,,,
SurgVisDom,SurgVisDom_test_no_indicators,test/test_video_0007.mp4,20,3:41:00,3:45:00,true,type1,0:04:00,,,
SurgVisDom,SurgVisDom_test_no_indicators,test/test_video_0007.mp4,20,3:45:00,5:14:00,false,type1,1:29:00,,,
SurgVisDom,SurgVisDom_test_no_indicators,test/test_video_0010.mp4,20,0:00:00,0:07:00,false,type2,0:07:00,0:00:00,,
SurgVisDom,SurgVisDom_test_no_indicators,test/test_video_0010.mp4,20,0:07:00,0:10:00,true,type2,0:03:00,,,
SurgVisDom,SurgVisDom_test_no_indicators,test/test_video_0010.mp4,20,0:10:00,0:17:00,false,type2,0:07:00,,,
SurgVisDom,SurgVisDom_test_no_indicators,test/test_video_0010.mp4,20,0:17:00,0:19:00,true,type2,0:02:00,,,
SurgVisDom,SurgVisDom_test_no_indicators,test/test_video_0010.mp4,20,0:19:00,0:41:00,false,type2,0:22:00,,,
SurgVisDom,SurgVisDom_test_no_indicators,test/test_video_0010.mp4,20,0:41:00,0:43:00,true,type2,0:02:00,,,
SurgVisDom,SurgVisDom_test_no_indicators,test/test_video_0010.mp4,20,0:43:00,1:01:00,false,type2,0:18:00,,,
SurgVisDom,SurgVisDom_test_no_indicators,test/test_video_0010.mp4,20,1:01:00,1:03:00,true,type2,0:02:00,,,
SurgVisDom,SurgVisDom_test_no_indicators,test/test_video_0010.mp4,20,1:03:00,1:10:00,false,type2,0:07:00,,,
SurgVisDom,SurgVisDom_test_no_indicators,test/test_video_0010.mp4,20,1:10:00,1:12:00,true,type2,0:02:00,,,
SurgVisDom,SurgVisDom_test_no_indicators,test/test_video_0010.mp4,20,1:12:00,2:51:00,false,type2,1:39:00,,,
SurgVisDom,SurgVisDom_test_no_indicators,test/test_video_0010.mp4,20,2:51:00,2:53:00,true,type2,0:02:00,,,
SurgVisDom,SurgVisDom_test_no_indicators,test/test_video_0010.mp4,20,2:53:00,3:28:00,false,type2,0:35:00,,,
SurgVisDom,SurgVisDom_test_no_indicators,test/test_video_0010.mp4,20,3:28:00,3:30:00,true,type2,0:02:00,,,
SurgVisDom,SurgVisDom_test_no_indicators,test/test_video_0010.mp4,20,3:30:00,3:34:00,false,type2,0:04:00,,,
SurgVisDom,SurgVisDom_test_no_indicators,test/test_video_0010.mp4,20,3:34:00,3:36:00,true,type2,0:02:00,,,
SurgVisDom,SurgVisDom_test_no_indicators,test/test_video_0010.mp4,20,3:36:00,4:39:00,false,type2,1:03:00,,,
SurgVisDom,SurgVisDom_test_no_indicators,test/test_video_0010.mp4,20,4:39:00,4:41:00,true,type2,0:02:00,,,
SurgVisDom,SurgVisDom_test_no_indicators,test/test_video_0010.mp4,20,4:41:00,4:46:00,false,type2,0:05:00,,,
SurgVisDom,SurgVisDom_test_no_indicators,test/test_video_0010.mp4,20,4:46:00,4:49:00,true,type2,0:03:00,,,
SurgVisDom,SurgVisDom_test_no_indicators,test/test_video_0010.mp4,20,4:49:00,5:33:00,false,type2,0:44:00,,,
SurgVisDom,SurgVisDom_test_no_indicators,test/test_video_0010.mp4,20,5:33:00,5:35:00,true,type2,0:02:00,,,
SurgVisDom,SurgVisDom_test_no_indicators,test/test_video_0010.mp4,20,5:35:00,5:42:00,false,type2,0:07:00,,,
SurgVisDom,SurgVisDom_test_no_indicators,test/test_video_0010.mp4,20,5:42:00,5:44:00,true,type2,0:02:00,,,
SurgVisDom,SurgVisDom_test_no_indicators,test/test_video_0010.mp4,20,5:44:00,5:53:00,false,type2,0:09:00,,,
SurgVisDom,SurgVisDom_test_no_indicators,test/test_video_0010.mp4,20,5:53:00,5:55:00,true,type2,0:02:00,,,
SurgVisDom,SurgVisDom_test_no_indicators,test/test_video_0010.mp4,20,5:55:00,5:58:00,false,type2,0:03:00,,,
SurgVisDom,SurgVisDom_test_no_indicators,test/test_video_0010.mp4,20,5:58:00,6:00:00,true,type2,0:02:00,,,
SurgVisDom,SurgVisDom_test_no_indicators,test/test_video_0010.mp4,20,6:00:00,6:33:00,false,type2,0:33:00,,,
SurgVisDom,SurgVisDom_test_no_indicators,test/test_video_0010.mp4,20,6:33:00,6:35:00,true,type2,0:02:00,,,
SurgVisDom,SurgVisDom_test_no_indicators,test/test_video_0010.mp4,20,6:35:00,6:39:00,false,type2,0:04:00,,,
SurgVisDom,SurgVisDom_test_no_indicators,test/test_video_0010.mp4,20,6:39:00,6:42:00,true,type2,0:03:00,,,
SurgVisDom,SurgVisDom_test_no_indicators,test/test_video_0010.mp4,20,6:42:00,6:54:00,false,type2,0:12:00,,,
SurgVisDom,SurgVisDom_test_no_indicators,test/test_video_0010.mp4,20,6:54:00,6:56:00,true,type2,0:02:00,,,
SurgVisDom,SurgVisDom_test_no_indicators,test/test_video_0010.mp4,20,6:56:00,7:00:00,false,type2,0:04:00,,,
SurgVisDom,SurgVisDom_test_no_indicators,test/test_video_0010.mp4,20,7:00:00,7:03:00,true,type2,0:03:00,,,
SurgVisDom,SurgVisDom_test_no_indicators,test/test_video_0010.mp4,20,7:03:00,7:28:00,false,type2,0:25:00,,,
SurgVisDom,SurgVisDom_test_no_indicators,test/test_video_0010.mp4,20,7:28:00,7:30:00,true,type2,0:02:00,,,
SurgVisDom,SurgVisDom_test_no_indicators,test/test_video_0010.mp4,20,7:30:00,7:37:00,false,type2,0:07:00,,,
SurgVisDom,SurgVisDom_test_no_indicators,test/test_video_0010.mp4,20,7:37:00,7:40:00,true,type2,0:03:00,,,
SurgVisDom,SurgVisDom_test_no_indicators,test/test_video_0010.mp4,20,7:40:00,8:14:00,false,type2,0:34:00,,,
SurgVisDom,SurgVisDom_test_no_indicators,test/test_video_0010.mp4,20,8:14:00,8:16:00,true,type2,0:02:00,,,
SurgVisDom,SurgVisDom_test_no_indicators,test/test_video_0010.mp4,20,8:16:00,8:27:00,false,type2,0:11:00,,,
SurgVisDom,SurgVisDom_test_no_indicators,test/test_video_0010.mp4,20,8:27:00,8:30:00,true,type2,0:03:00,,,
SurgVisDom,SurgVisDom_test_no_indicators,test/test_video_0010.mp4,20,8:30:00,8:37:00,false,type2,0:07:00,,,
SurgVisDom,SurgVisDom_test_no_indicators,test/test_video_0010.mp4,20,8:37:00,8:39:00,true,type2,0:02:00,,,
SurgVisDom,SurgVisDom_test_no_indicators,test/test_video_0010.mp4,20,8:39:00,8:47:00,false,type2,0:08:00,,,
SurgVisDom,SurgVisDom_test_no_indicators,test/test_video_0010.mp4,20,8:47:00,8:49:00,true,type2,0:02:00,,,
SurgVisDom,SurgVisDom_test_no_indicators,test/test_video_0010.mp4,20,8:49:00,9:04:00,false,type2,0:15:00,,,
SurgVisDom,SurgVisDom_test_no_indicators,test/test_video_0010.mp4,20,9:04:00,9:06:00,true,type2,0:02:00,,,
SurgVisDom,SurgVisDom_test_no_indicators,test/test_video_0010.mp4,20,9:06:00,9:20:00,false,type2,0:14:00,,,
SurgVisDom,SurgVisDom_test_no_indicators,test/test_video_0010.mp4,20,9:20:00,9:22:00,true,type2,0:02:00,,,
SurgVisDom,SurgVisDom_test_no_indicators,test/test_video_0010.mp4,20,9:22:00,9:29:00,false,type2,0:07:00,,,
SurgVisDom,SurgVisDom_test_no_indicators,test/test_video_0010.mp4,20,9:29:00,9:32:00,true,type2,0:03:00,,,
SurgVisDom,SurgVisDom_test_no_indicators,test/test_video_0010.mp4,20,9:32:00,9:40:00,false,type2,0:08:00,,,
SurgVisDom,SurgVisDom_test_no_indicators,test/test_video_0010.mp4,20,9:40:00,9:42:00,true,type2,0:02:00,,,
SurgVisDom,SurgVisDom_test_no_indicators,test/test_video_0010.mp4,20,9:42:00,10:01:00,false,type2,0:19:00,,,
SurgVisDom,SurgVisDom_test_no_indicators,test/test_video_0010.mp4,20,10:01:00,10:04:00,true,type2,0:03:00,,,
SurgVisDom,SurgVisDom_test_no_indicators,test/test_video_0010.mp4,20,10:04:00,10:19:00,false,type2,0:15:00,,,
SurgVisDom,SurgVisDom_test_no_indicators,test/test_video_0010.mp4,20,10:19:00,10:21:00,true,type2,0:02:00,,,
SurgVisDom,SurgVisDom_test_no_indicators,test/test_video_0010.mp4,20,10:21:00,10:28:00,false,type2,0:07:00,,,
SurgVisDom,SurgVisDom_test_no_indicators,test/test_video_0010.mp4,20,10:28:00,10:30:00,true,type2,0:02:00,,,
SurgVisDom,SurgVisDom_test_no_indicators,test/test_video_0010.mp4,20,10:30:00,10:36:00,false,type2,0:06:00,,,
SurgVisDom,SurgVisDom_test_no_indicators,test/test_video_0010.mp4,20,10:36:00,10:38:00,true,type2,0:02:00,,,
SurgVisDom,SurgVisDom_test_no_indicators,test/test_video_0010.mp4,20,10:38:00,10:49:00,false,type2,0:11:00,,,
SurgVisDom,SurgVisDom_test_no_indicators,test/test_video_0010.mp4,20,10:49:00,10:51:00,true,type2,0:02:00,,,
SurgVisDom,SurgVisDom_test_no_indicators,test/test_video_0010.mp4,20,10:51:00,11:07:00,false,type2,0:16:00,,,
SurgVisDom,SurgVisDom_test_no_indicators,test/test_video_0010.mp4,20,11:07:00,11:11:00,true,type2,0:04:00,,,
SurgVisDom,SurgVisDom_test_no_indicators,test/test_video_0010.mp4,20,11:11:00,11:17:00,false,type2,0:06:00,,,
SurgVisDom,SurgVisDom_test_no_indicators,test/test_video_0010.mp4,20,11:17:00,11:20:00,true,type2,0:03:00,,,
SurgVisDom,SurgVisDom_test_no_indicators,test/test_video_0010.mp4,20,11:20:00,11:22:00,false,type2,0:02:00,,,
SurgVisDom,SurgVisDom_test_no_indicators,test/test_video_0010.mp4,20,11:22:00,11:27:00,true,type2,0:05:00,,,
SurgVisDom,SurgVisDom_test_no_indicators,test/test_video_0010.mp4,20,11:27:00,11:40:00,false,type2,0:13:00,,,
SurgVisDom,SurgVisDom_test_no_indicators,test/test_video_0010.mp4,20,11:40:00,11:42:00,true,type2,0:02:00,,,
SurgVisDom,SurgVisDom_test_no_indicators,test/test_video_0010.mp4,20,11:42:00,11:44:00,false,type2,0:02:00,,,
SurgVisDom,SurgVisDom_test_no_indicators,test/test_video_0010.mp4,20,11:44:00,11:46:00,true,type2,0:02:00,,,
SurgVisDom,SurgVisDom_test_no_indicators,test/test_video_0010.mp4,20,11:46:00,11:52:00,false,type2,0:06:00,,,
SurgVisDom,SurgVisDom_test_no_indicators,test/test_video_0010.mp4,20,11:52:00,11:54:00,true,type2,0:02:00,,,
SurgVisDom,SurgVisDom_test_no_indicators,test/test_video_0010.mp4,20,11:54:00,12:01:00,false,type2,0:07:00,,,
SurgVisDom,SurgVisDom_test_no_indicators,test/test_video_0010.mp4,20,12:01:00,12:05:00,true,type2,0:04:00,,,
SurgVisDom,SurgVisDom_test_no_indicators,test/test_video_0010.mp4,20,12:05:00,12:12:00,false,type2,0:07:00,,,
SurgVisDom,SurgVisDom_test_no_indicators,test/test_video_0010.mp4,20,12:12:00,12:20:00,true,type2,0:08:00,,,
SurgVisDom,SurgVisDom_test_no_indicators,test/test_video_0010.mp4,20,12:20:00,12:26:00,false,type2,0:06:00,,,
SurgVisDom,SurgVisDom_test_no_indicators,test/test_video_0010.mp4,20,12:26:00,12:28:00,true,type2,0:02:00,,,
SurgVisDom,SurgVisDom_test_no_indicators,test/test_video_0010.mp4,20,12:28:00,12:29:00,false,type2,0:01:00,,,
SurgVisDom,SurgVisDom_test_no_indicators,test/test_video_0010.mp4,20,12:29:00,12:31:00,true,type2,0:02:00,,,
SurgVisDom,SurgVisDom_test_no_indicators,test/test_video_0010.mp4,20,12:31:00,12:39:00,false,type2,0:08:00,,,
SurgVisDom,SurgVisDom_test_no_indicators,test/test_video_0010.mp4,20,12:39:00,12:42:00,true,type2,0:03:00,,,
SurgVisDom,SurgVisDom_test_no_indicators,test/test_video_0010.mp4,20,12:42:00,12:56:00,false,type2,0:14:00,,,
SurgVisDom,SurgVisDom_test_no_indicators,test/test_video_0010.mp4,20,12:56:00,12:58:00,true,type2,0:02:00,,,
SurgVisDom,SurgVisDom_test_no_indicators,test/test_video_0010.mp4,20,12:58:00,13:00:00,false,type2,0:02:00,,,
SurgVisDom,SurgVisDom_test_no_indicators,test/test_video_0010.mp4,20,13:00:00,13:02:00,true,type2,0:02:00,,,
SurgVisDom,SurgVisDom_test_no_indicators,test/test_video_0010.mp4,20,13:02:00,13:05:00,false,type2,0:03:00,,,
SurgVisDom,SurgVisDom_test_no_indicators,test/test_video_0010.mp4,20,13:05:00,13:07:00,true,type2,0:02:00,,,
SurgVisDom,SurgVisDom_test_no_indicators,test/test_video_0010.mp4,20,13:07:00,13:38:00,false,type2,0:31:00,,,
SurgVisDom,SurgVisDom_test_no_indicators,test/test_video_0010.mp4,20,13:38:00,13:43:00,true,type2,0:05:00,,,
SurgVisDom,SurgVisDom_test_no_indicators,test/test_video_0010.mp4,20,13:43:00,13:49:00,false,type2,0:06:00,,,
SurgVisDom,SurgVisDom_test_no_indicators,test/test_video_0010.mp4,20,13:49:00,13:51:00,true,type2,0:02:00,,,
SurgVisDom,SurgVisDom_test_no_indicators,test/test_video_0010.mp4,20,13:51:00,13:59:00,false,type2,0:08:00,,,
SurgVisDom,SurgVisDom_test_no_indicators,test/test_video_0010.mp4,20,13:59:00,14:02:00,true,type2,0:03:00,,,
SurgVisDom,SurgVisDom_test_no_indicators,test/test_video_0010.mp4,20,14:02:00,14:06:00,false,type2,0:04:00,,,
SurgVisDom,SurgVisDom_test_no_indicators,test/test_video_0010.mp4,20,14:06:00,14:08:00,true,type2,0:02:00,,,
SurgVisDom,SurgVisDom_test_no_indicators,test/test_video_0010.mp4,20,14:08:00,14:11:00,false,type2,0:03:00,,,
SurgVisDom,SurgVisDom_test_no_indicators,test/test_video_0010.mp4,20,14:11:00,14:14:00,true,type2,0:03:00,,,
SurgVisDom,SurgVisDom_test_no_indicators,test/test_video_0010.mp4,20,14:14:00,14:19:00,false,type2,0:05:00,,,
SurgVisDom,SurgVisDom_test_no_indicators,test/test_video_0010.mp4,20,14:19:00,14:21:00,true,type2,0:02:00,,,
SurgVisDom,SurgVisDom_test_no_indicators,test/test_video_0010.mp4,20,14:21:00,14:27:00,false,type2,0:06:00,,,
SurgVisDom,SurgVisDom_test_no_indicators,test/test_video_0010.mp4,20,14:27:00,14:29:00,true,type2,0:02:00,,,
SurgVisDom,SurgVisDom_test_no_indicators,test/test_video_0010.mp4,20,14:29:00,14:37:00,false,type2,0:08:00,,,
SurgVisDom,SurgVisDom_test_no_indicators,test/test_video_0010.mp4,20,14:37:00,14:39:00,true,type2,0:02:00,,,
SurgVisDom,SurgVisDom_test_no_indicators,test/test_video_0010.mp4,20,14:39:00,14:45:00,false,type2,0:06:00,,,
SurgVisDom,SurgVisDom_test_no_indicators,test/test_video_0010.mp4,20,14:45:00,14:47:00,true,type2,0:02:00,,,
SurgVisDom,SurgVisDom_test_no_indicators,test/test_video_0010.mp4,20,14:47:00,14:51:00,false,type2,0:04:00,,,
SurgVisDom,SurgVisDom_test_no_indicators,test/test_video_0010.mp4,20,14:51:00,14:53:00,true,type2,0:02:00,,,
SurgVisDom,SurgVisDom_test_no_indicators,test/test_video_0010.mp4,20,14:53:00,14:58:00,false,type2,0:05:00,,,
SurgVisDom,SurgVisDom_test_no_indicators,test/test_video_0010.mp4,20,14:58:00,15:00:00,true,type2,0:02:00,,,
SurgVisDom,SurgVisDom_test_no_indicators,test/test_video_0010.mp4,20,15:00:00,15:09:00,false,type2,0:09:00,,,
SurgVisDom,SurgVisDom_test_no_indicators,test/test_video_0010.mp4,20,15:09:00,15:11:00,true,type2,0:02:00,,,
SurgVisDom,SurgVisDom_test_no_indicators,test/test_video_0010.mp4,20,15:11:00,15:19:00,false,type2,0:08:00,,,
SurgVisDom,SurgVisDom_test_no_indicators,test/test_video_0010.mp4,20,15:19:00,15:20:00,true,type2,0:01:00,,,
SurgVisDom,SurgVisDom_test_no_indicators,test/test_video_0010.mp4,20,15:20:00,15:28:00,false,type2,0:08:00,,,
SurgVisDom,SurgVisDom_test_no_indicators,test/test_video_0010.mp4,20,15:28:00,15:30:00,true,type2,0:02:00,,,
SurgVisDom,SurgVisDom_test_no_indicators,test/test_video_0010.mp4,20,15:30:00,15:35:00,false,type2,0:05:00,,,
SurgVisDom,SurgVisDom_test_no_indicators,test/test_video_0010.mp4,20,15:35:00,15:38:00,true,type2,0:03:00,,,
SurgVisDom,SurgVisDom_test_no_indicators,test/test_video_0010.mp4,20,15:38:00,15:45:00,false,type2,0:07:00,,,
SurgVisDom,SurgVisDom_test_no_indicators,test/test_video_0010.mp4,20,15:45:00,15:47:00,true,type2,0:02:00,,,
SurgVisDom,SurgVisDom_test_no_indicators,test/test_video_0010.mp4,20,15:47:00,15:52:00,false,type2,0:05:00,,,
SurgVisDom,SurgVisDom_test_no_indicators,test/test_video_0010.mp4,20,15:52:00,15:56:00,true,type2,0:04:00,,,
SurgVisDom,SurgVisDom_test_no_indicators,test/test_video_0010.mp4,20,15:56:00,16:02:00,false,type2,0:06:00,,,
SurgVisDom,SurgVisDom_test_no_indicators,test/test_video_0010.mp4,20,16:02:00,16:04:00,true,type2,0:02:00,,,
SurgVisDom,SurgVisDom_test_no_indicators,test/test_video_0010.mp4,20,16:04:00,16:10:00,false,type2,0:06:00,,,
SurgVisDom,SurgVisDom_test_no_indicators,test/test_video_0010.mp4,20,16:10:00,16:12:00,true,type2,0:02:00,,,
SurgVisDom,SurgVisDom_test_no_indicators,test/test_video_0010.mp4,20,16:12:00,16:18:00,false,type2,0:06:00,,,
SurgVisDom,SurgVisDom_test_no_indicators,test/test_video_0010.mp4,20,16:18:00,16:20:00,true,type2,0:02:00,,,
SurgVisDom,SurgVisDom_test_no_indicators,test/test_video_0010.mp4,20,16:20:00,16:29:00,false,type2,0:09:00,,,
SurgVisDom,SurgVisDom_test_no_indicators,test/test_video_0010.mp4,20,16:29:00,16:34:00,true,type2,0:05:00,,,
SurgVisDom,SurgVisDom_test_no_indicators,test/test_video_0010.mp4,20,16:34:00,16:36:00,false,type2,0:02:00,,,
SurgVisDom,SurgVisDom_test_no_indicators,test/test_video_0010.mp4,20,16:36:00,16:40:00,true,type2,0:04:00,,,
SurgVisDom,SurgVisDom_test_no_indicators,test/test_video_0010.mp4,20,16:40:00,16:44:00,false,type2,0:04:00,,,
SurgVisDom,SurgVisDom_test_no_indicators,test/test_video_0010.mp4,20,16:44:00,16:46:00,true,type2,0:02:00,,,
SurgVisDom,SurgVisDom_test_no_indicators,test/test_video_0010.mp4,20,16:46:00,16:56:00,false,type2,0:10:00,,,
SurgVisDom,SurgVisDom_test_no_indicators,test/test_video_0010.mp4,20,16:56:00,16:59:00,true,type2,0:03:00,,,
SurgVisDom,SurgVisDom_test_no_indicators,test/test_video_0010.mp4,20,16:59:00,17:00:00,false,type2,0:01:00,,,
SurgVisDom,SurgVisDom_test_no_indicators,test/test_video_0010.mp4,20,17:00:00,17:07:00,true,type2,0:07:00,,,
SurgVisDom,SurgVisDom_test_no_indicators,test/test_video_0010.mp4,20,17:07:00,17:11:00,false,type2,0:04:00,,,
SurgVisDom,SurgVisDom_test_no_indicators,test/test_video_0010.mp4,20,17:11:00,17:13:00,true,type2,0:02:00,,,
SurgVisDom,SurgVisDom_test_no_indicators,test/test_video_0010.mp4,20,17:13:00,17:20:00,false,type2,0:07:00,,,
SurgVisDom,SurgVisDom_test_no_indicators,test/test_video_0010.mp4,20,17:20:00,17:22:00,true,type2,0:02:00,,,
SurgVisDom,SurgVisDom_test_no_indicators,test/test_video_0010.mp4,20,17:22:00,17:29:00,false,type2,0:07:00,,,
SurgVisDom,SurgVisDom_test_no_indicators,test/test_video_0010.mp4,20,17:29:00,17:32:00,true,type2,0:03:00,,,
SurgVisDom,SurgVisDom_test_no_indicators,test/test_video_0010.mp4,20,17:32:00,17:33:00,false,type2,0:01:00,,,
SurgVisDom,SurgVisDom_test_no_indicators,test/test_video_0010.mp4,20,17:33:00,17:35:00,true,type2,0:02:00,,,
SurgVisDom,SurgVisDom_test_no_indicators,test/test_video_0010.mp4,20,17:35:00,17:45:00,false,type2,0:10:00,,,
SurgVisDom,SurgVisDom_test_no_indicators,test/test_video_0010.mp4,20,17:45:00,17:49:00,true,type2,0:04:00,,,
SurgVisDom,SurgVisDom_test_no_indicators,test/test_video_0010.mp4,20,17:49:00,17:59:00,false,type2,0:10:00,,,
SurgVisDom,SurgVisDom_test_no_indicators,test/test_video_0010.mp4,20,17:59:00,18:02:00,true,type2,0:03:00,,,
SurgVisDom,SurgVisDom_test_no_indicators,test/test_video_0010.mp4,20,18:02:00,18:19:00,false,type2,0:17:00,,,
SurgVisDom,SurgVisDom_test_no_indicators,test/test_video_0010.mp4,20,18:19:00,18:21:00,true,type2,0:02:00,,,
SurgVisDom,SurgVisDom_test_no_indicators,test/test_video_0010.mp4,20,18:21:00,18:27:00,false,type2,0:06:00,,,
SurgVisDom,SurgVisDom_test_no_indicators,test/test_video_0011.mp4,20,0:00:00,0:20:00,false,type2,0:20:00,0:00:00,,
SurgVisDom,SurgVisDom_test_no_indicators,test/test_video_0011.mp4,20,0:20:00,0:22:00,true,type2,0:02:00,,,
SurgVisDom,SurgVisDom_test_no_indicators,test/test_video_0011.mp4,20,0:22:00,1:03:00,false,type2,0:41:00,,,
SurgVisDom,SurgVisDom_test_no_indicators,test/test_video_0011.mp4,20,1:03:00,1:05:00,true,type2,0:02:00,,,
SurgVisDom,SurgVisDom_test_no_indicators,test/test_video_0011.mp4,20,1:05:00,1:20:00,false,type2,0:15:00,,,
SurgVisDom,SurgVisDom_test_no_indicators,test/test_video_0011.mp4,20,1:20:00,1:22:00,true,type2,0:02:00,,,
SurgVisDom,SurgVisDom_test_no_indicators,test/test_video_0011.mp4,20,1:22:00,1:48:00,false,type2,0:26:00,,,
SurgVisDom,SurgVisDom_test_no_indicators,test/test_video_0011.mp4,20,1:48:00,1:50:00,true,type2,0:02:00,,,
SurgVisDom,SurgVisDom_test_no_indicators,test/test_video_0011.mp4,20,1:50:00,1:53:00,false,type2,0:03:00,,,
SurgVisDom,SurgVisDom_test_no_indicators,test/test_video_0011.mp4,20,1:53:00,1:55:00,true,type2,0:02:00,,,
SurgVisDom,SurgVisDom_test_no_indicators,test/test_video_0011.mp4,20,1:55:00,2:55:00,false,type2,1:00:00,,,
SurgVisDom,SurgVisDom_test_no_indicators,test/test_video_0011.mp4,20,2:55:00,2:57:00,true,type2,0:02:00,,,
SurgVisDom,SurgVisDom_test_no_indicators,test/test_video_0011.mp4,20,2:57:00,3:09:00,false,type2,0:12:00,,,
SurgVisDom,SurgVisDom_test_no_indicators,test/test_video_0011.mp4,20,3:09:00,3:11:00,true,type2,0:02:00,,,
SurgVisDom,SurgVisDom_test_no_indicators,test/test_video_0011.mp4,20,3:11:00,3:20:00,false,type2,0:09:00,,,
SurgVisDom,SurgVisDom_test_no_indicators,test/test_video_0011.mp4,20,3:20:00,3:22:00,true,type2,0:02:00,,,
SurgVisDom,SurgVisDom_test_no_indicators,test/test_video_0011.mp4,20,3:22:00,3:54:00,false,type2,0:32:00,,,
SurgVisDom,SurgVisDom_test_no_indicators,test/test_video_0013.mp4,20,0:00:00,2:34:00,false,type1,2:34:00,0:00:00,,
SurgVisDom,SurgVisDom_test_no_indicators,test/test_video_0013.mp4,20,2:34:00,2:38:00,true,type1,0:04:00,,,
SurgVisDom,SurgVisDom_test_no_indicators,test/test_video_0013.mp4,20,2:38:00,5:20:00,false,type1,2:42:00,,,
SurgVisDom,SurgVisDom_test_no_indicators,test/test_video_0013.mp4,20,5:20:00,5:23:00,true,type1,0:03:00,,,
SurgVisDom,SurgVisDom_test_no_indicators,test/test_video_0013.mp4,20,5:23:00,6:01:00,false,type1,0:38:00,,,
SurgVisDom,SurgVisDom_test_no_indicators,test/test_video_0013.mp4,20,6:01:00,6:03:00,true,type1,0:02:00,,,
SurgVisDom,SurgVisDom_test_no_indicators,test/test_video_0013.mp4,20,6:03:00,9:42:00,false,type1,3:39:00,,,
SurgVisDom,SurgVisDom_test_no_indicators,test/test_video_0013.mp4,20,9:42:00,9:45:00,true,type1,0:03:00,,,
SurgVisDom,SurgVisDom_test_no_indicators,test/test_video_0013.mp4,20,9:45:00,11:43:00,false,type1,1:58:00,,,
SurgVisDom,SurgVisDom_test_no_indicators,test/test_video_0014.mp4,20,0:00:00,7:20:00,false,type1,7:20:00,0:00:00,,
SurgVisDom,SurgVisDom_test_no_indicators,test/test_video_0014.mp4,20,7:20:00,7:25:00,true,type1,0:05:00,,,
SurgVisDom,SurgVisDom_test_no_indicators,test/test_video_0014.mp4,20,7:25:00,10:20:00,false,type1,2:55:00,,,
SurgVisDom,SurgVisDom_test_no_indicators,test/test_video_0014.mp4,20,10:20:00,10:22:00,true,type1,0:02:00,,,
SurgVisDom,SurgVisDom_test_no_indicators,test/test_video_0014.mp4,20,10:22:00,15:13:00,false,type1,4:51:00,,,
SurgVisDom,SurgVisDom_test_no_indicators,test/test_video_0014.mp4,20,15:13:00,15:16:00,true,type1,0:03:00,,,
SurgVisDom,SurgVisDom_test_no_indicators,test/test_video_0014.mp4,20,15:16:00,17:30:00,false,type1,2:14:00,,,
SurgVisDom,SurgVisDom_test_no_indicators,test/test_video_0014.mp4,20,17:30:00,17:33:00,true,type1,0:03:00,,,
SurgVisDom,SurgVisDom_test_no_indicators,test/test_video_0014.mp4,20,17:33:00,19:12:00,false,type1,1:39:00,,,
SurgVisDom,SurgVisDom_test_no_indicators,test/test_video_0014.mp4,20,19:12:00,19:17:00,true,type1,0:05:00,,,
SurgVisDom,SurgVisDom_test_no_indicators,test/test_video_0014.mp4,20,19:17:00,19:55:00,false,type1,0:38:00,,,
SurgVisDom,SurgVisDom_test_no_indicators,test/test_video_0014.mp4,20,19:55:00,19:58:00,true,type1,0:03:00,,,
SurgVisDom,SurgVisDom_test_no_indicators,test/test_video_0014.mp4,20,19:58:00,24:05:00,false,type1,4:07:00,,,
SurgVisDom,SurgVisDom_test_no_indicators,test/test_video_0015.mp4,20,0:00:00,3:31:00,false,type2,3:31:00,0:00:00,,
SurgVisDom,SurgVisDom_test_indicators,test/test_video_0000.mp4,20,0:00:00,0:09:00,false,default,0:09:00,0:00:00,,
SurgVisDom,SurgVisDom_test_indicators,test/test_video_0000.mp4,20,0:09:00,0:11:00,true,bs indicator,0:02:00,,,
SurgVisDom,SurgVisDom_test_indicators,test/test_video_0000.mp4,20,0:11:00,0:26:00,false,default,0:15:00,,,
SurgVisDom,SurgVisDom_test_indicators,test/test_video_0000.mp4,20,0:26:00,0:29:00,true,bs indicator,0:03:00,,,
SurgVisDom,SurgVisDom_test_indicators,test/test_video_0000.mp4,20,0:29:00,0:34:00,false,default,0:05:00,,,
SurgVisDom,SurgVisDom_test_indicators,test/test_video_0000.mp4,20,0:34:00,0:37:00,true,bs indicator,0:03:00,,,
SurgVisDom,SurgVisDom_test_indicators,test/test_video_0000.mp4,20,0:37:00,0:44:00,false,default,0:07:00,,,
SurgVisDom,SurgVisDom_test_indicators,test/test_video_0000.mp4,20,0:44:00,0:46:00,true,bs indicator,0:02:00,,,
SurgVisDom,SurgVisDom_test_indicators,test/test_video_0000.mp4,20,0:46:00,0:54:00,false,default,0:08:00,,,
SurgVisDom,SurgVisDom_test_indicators,test/test_video_0000.mp4,20,0:54:00,0:57:00,true,bs indicator,0:03:00,,,
SurgVisDom,SurgVisDom_test_indicators,test/test_video_0000.mp4,20,0:57:00,1:00:00,false,default,0:03:00,,,
SurgVisDom,SurgVisDom_test_indicators,test/test_video_0000.mp4,20,1:00:00,1:03:00,true,bs indicator,0:03:00,,,
SurgVisDom,SurgVisDom_test_indicators,test/test_video_0000.mp4,20,1:03:00,1:13:00,false,default,0:10:00,,,
SurgVisDom,SurgVisDom_test_indicators,test/test_video_0000.mp4,20,1:13:00,1:16:00,true,bs indicator,0:03:00,,,
SurgVisDom,SurgVisDom_test_indicators,test/test_video_0000.mp4,20,1:16:00,1:24:00,false,default,0:08:00,,,
SurgVisDom,SurgVisDom_test_indicators,test/test_video_0000.mp4,20,1:24:00,1:26:00,true,bs indicator,0:02:00,,,
SurgVisDom,SurgVisDom_test_indicators,test/test_video_0000.mp4,20,1:26:00,1:28:00,false,bs indicator,0:02:00,,,
SurgVisDom,SurgVisDom_test_indicators,test/test_video_0000.mp4,20,1:28:00,1:49:00,false,default,0:21:00,,,
SurgVisDom,SurgVisDom_test_indicators,test/test_video_0000.mp4,20,1:49:00,1:51:00,true,bs indicator,0:02:00,,,
SurgVisDom,SurgVisDom_test_indicators,test/test_video_0000.mp4,20,1:51:00,1:57:00,false,default,0:06:00,,,
SurgVisDom,SurgVisDom_test_indicators,test/test_video_0000.mp4,20,1:57:00,1:59:00,true,bs indicator,0:02:00,,,
SurgVisDom,SurgVisDom_test_indicators,test/test_video_0000.mp4,20,1:59:00,2:05:00,false,default,0:06:00,,,
SurgVisDom,SurgVisDom_test_indicators,test/test_video_0000.mp4,20,2:05:00,2:08:00,true,bs indicator,0:03:00,,,
SurgVisDom,SurgVisDom_test_indicators,test/test_video_0000.mp4,20,2:08:00,2:13:00,false,default,0:05:00,,,
SurgVisDom,SurgVisDom_test_indicators,test/test_video_0000.mp4,20,2:13:00,2:16:00,true,bs indicator,0:03:00,,,
SurgVisDom,SurgVisDom_test_indicators,test/test_video_0000.mp4,20,2:16:00,2:22:00,false,default,0:06:00,,,
SurgVisDom,SurgVisDom_test_indicators,test/test_video_0000.mp4,20,2:22:00,2:25:00,true,bs indicator,0:03:00,,,
SurgVisDom,SurgVisDom_test_indicators,test/test_video_0000.mp4,20,2:25:00,2:56:00,false,default,0:31:00,,,
SurgVisDom,SurgVisDom_test_indicators,test/test_video_0000.mp4,20,2:56:00,2:59:00,true,bs indicator,0:03:00,,,
SurgVisDom,SurgVisDom_test_indicators,test/test_video_0000.mp4,20,2:59:00,3:05:00,false,default,0:06:00,,,
SurgVisDom,SurgVisDom_test_indicators,test/test_video_0000.mp4,20,3:05:00,3:07:00,true,bs indicator,0:02:00,,,
SurgVisDom,SurgVisDom_test_indicators,test/test_video_0000.mp4,20,3:07:00,3:27:00,false,default,0:20:00,,,
SurgVisDom,SurgVisDom_test_indicators,test/test_video_0000.mp4,20,3:27:00,3:30:00,true,bs indicator,0:03:00,,,
SurgVisDom,SurgVisDom_test_indicators,test/test_video_0000.mp4,20,3:30:00,3:48:00,false,default,0:18:00,,,
SurgVisDom,SurgVisDom_test_indicators,test/test_video_0000.mp4,20,3:48:00,3:50:00,false,"lhs indicator, rhs indicator",0:02:00,,,
SurgVisDom,SurgVisDom_test_indicators,test/test_video_0000.mp4,20,3:50:00,3:52:00,false,default,0:02:00,,,
SurgVisDom,SurgVisDom_test_indicators,test/test_video_0000.mp4,20,3:52:00,3:54:00,true,bs indicator,0:02:00,,,
SurgVisDom,SurgVisDom_test_indicators,test/test_video_0000.mp4,20,3:54:00,4:18:00,false,default,0:24:00,,,
SurgVisDom,SurgVisDom_test_indicators,test/test_video_0000.mp4,20,4:18:00,4:20:00,true,bs indicator,0:02:00,,,
SurgVisDom,SurgVisDom_test_indicators,test/test_video_0000.mp4,20,4:20:00,4:34:00,false,default,0:14:00,,,
SurgVisDom,SurgVisDom_test_indicators,test/test_video_0001.mp4,20,0:00:00,4:29:00,false,obstruction,4:29:00,0:00:00,,
SurgVisDom,SurgVisDom_test_indicators,test/test_video_0004.mp4,20,0:00:00,0:59:00,false,default,0:59:00,0:00:00,,
SurgVisDom,SurgVisDom_test_indicators,test/test_video_0004.mp4,20,0:59:00,1:02:00,true,bs indicator,0:03:00,,,
SurgVisDom,SurgVisDom_test_indicators,test/test_video_0004.mp4,20,1:02:00,1:08:00,false,default,0:06:00,,,
SurgVisDom,SurgVisDom_test_indicators,test/test_video_0004.mp4,20,1:08:00,1:10:00,true,bs indicator,0:02:00,,,
SurgVisDom,SurgVisDom_test_indicators,test/test_video_0004.mp4,20,1:10:00,1:55:00,false,default,0:45:00,,,
SurgVisDom,SurgVisDom_test_indicators,test/test_video_0004.mp4,20,1:55:00,1:57:00,true,bs indicator,0:02:00,,,
SurgVisDom,SurgVisDom_test_indicators,test/test_video_0004.mp4,20,1:57:00,2:29:00,false,default,0:32:00,,,
SurgVisDom,SurgVisDom_test_indicators,test/test_video_0004.mp4,20,2:29:00,2:32:00,true,bs indicator,0:03:00,,,
SurgVisDom,SurgVisDom_test_indicators,test/test_video_0004.mp4,20,2:32:00,3:17:00,false,default,0:45:00,,,
SurgVisDom,SurgVisDom_test_indicators,test/test_video_0008.mp4,20,0:00:00,0:43:00,false,default,0:43:00,0:00:00,,
SurgVisDom,SurgVisDom_test_indicators,test/test_video_0008.mp4,20,0:43:00,0:50:00,true,bs indicator,0:07:00,,,
SurgVisDom,SurgVisDom_test_indicators,test/test_video_0008.mp4,20,0:50:00,1:13:00,false,default,0:23:00,,,
SurgVisDom,SurgVisDom_test_indicators,test/test_video_0008.mp4,20,1:13:00,1:14:00,false,rhs indicator,0:01:00,,,
SurgVisDom,SurgVisDom_test_indicators,test/test_video_0008.mp4,20,1:14:00,1:25:00,false,default,0:11:00,,,
SurgVisDom,SurgVisDom_test_indicators,test/test_video_0008.mp4,20,1:25:00,1:27:00,false,rhs indicator,0:02:00,,,
SurgVisDom,SurgVisDom_test_indicators,test/test_video_0008.mp4,20,1:27:00,1:28:00,false,default,0:01:00,,,
SurgVisDom,SurgVisDom_test_indicators,test/test_video_0008.mp4,20,1:28:00,1:30:00,false,bs indicator,0:02:00,,,
SurgVisDom,SurgVisDom_test_indicators,test/test_video_0008.mp4,20,1:30:00,1:51:00,false,default,0:21:00,,,
SurgVisDom,SurgVisDom_test_indicators,test/test_video_0008.mp4,20,1:51:00,1:53:00,false,"rhs indicator, bs indicator",0:02:00,,,
SurgVisDom,SurgVisDom_test_indicators,test/test_video_0008.mp4,20,1:53:00,2:03:00,false,default,0:10:00,,,
SurgVisDom,SurgVisDom_test_indicators,test/test_video_0008.mp4,20,2:03:00,2:05:00,false,rhs indicator,0:02:00,,,
SurgVisDom,SurgVisDom_test_indicators,test/test_video_0008.mp4,20,2:05:00,2:22:00,false,default,0:17:00,,,
SurgVisDom,SurgVisDom_test_indicators,test/test_video_0008.mp4,20,2:22:00,2:23:00,false,"rhs indicator, bs indicator",0:01:00,,,
SurgVisDom,SurgVisDom_test_indicators,test/test_video_0008.mp4,20,2:23:00,2:33:00,false,default,0:10:00,,,
SurgVisDom,SurgVisDom_test_indicators,test/test_video_0008.mp4,20,2:33:00,2:36:00,false,rhs indicator,0:03:00,,,
SurgVisDom,SurgVisDom_test_indicators,test/test_video_0008.mp4,20,2:36:00,2:37:00,false,default,0:01:00,,,
SurgVisDom,SurgVisDom_test_indicators,test/test_video_0008.mp4,20,2:37:00,2:38:00,false,bs indicator,0:01:00,,,
SurgVisDom,SurgVisDom_test_indicators,test/test_video_0008.mp4,20,2:38:00,2:40:00,false,default,0:02:00,,,
SurgVisDom,SurgVisDom_test_indicators,test/test_video_0008.mp4,20,2:40:00,2:42:00,false,"rhs indicator, bs indicator",0:02:00,,,
SurgVisDom,SurgVisDom_test_indicators,test/test_video_0008.mp4,20,2:42:00,2:45:00,false,default,0:03:00,,,
SurgVisDom,SurgVisDom_test_indicators,test/test_video_0008.mp4,20,2:45:00,2:46:00,false,rhs indicator,0:01:00,,,
SurgVisDom,SurgVisDom_test_indicators,test/test_video_0008.mp4,20,2:46:00,2:51:00,false,default,0:05:00,,,
SurgVisDom,SurgVisDom_test_indicators,test/test_video_0008.mp4,20,2:51:00,2:52:00,false,rhs indicator,0:01:00,,,
SurgVisDom,SurgVisDom_test_indicators,test/test_video_0008.mp4,20,2:52:00,3:05:00,false,default,0:13:00,,,
SurgVisDom,SurgVisDom_test_indicators,test/test_video_0008.mp4,20,3:05:00,3:07:00,false,"rhs indicator, bs indicator",0:02:00,,,
SurgVisDom,SurgVisDom_test_indicators,test/test_video_0008.mp4,20,3:07:00,3:08:00,false,default,0:01:00,,,
SurgVisDom,SurgVisDom_test_indicators,test/test_video_0008.mp4,20,3:08:00,3:10:00,true,bs indicator,0:02:00,,,
SurgVisDom,SurgVisDom_test_indicators,test/test_video_0008.mp4,20,3:10:00,3:18:00,false,default,0:08:00,,,
SurgVisDom,SurgVisDom_test_indicators,test/test_video_0008.mp4,20,3:18:00,3:20:00,true,bs indicator,0:02:00,,,
SurgVisDom,SurgVisDom_test_indicators,test/test_video_0008.mp4,20,3:20:00,3:21:00,false,"rhs indicator, bs indicator",0:01:00,,,
SurgVisDom,SurgVisDom_test_indicators,test/test_video_0008.mp4,20,3:21:00,3:23:00,false,default,0:02:00,,,
SurgVisDom,SurgVisDom_test_indicators,test/test_video_0008.mp4,20,3:23:00,3:25:00,false,"rhs indicator, bs indicator",0:02:00,,,
SurgVisDom,SurgVisDom_test_indicators,test/test_video_0008.mp4,20,3:25:00,3:45:00,false,default,0:20:00,,,
SurgVisDom,SurgVisDom_test_indicators,test/test_video_0008.mp4,20,3:45:00,3:47:00,true,bs indicator,0:02:00,,,
SurgVisDom,SurgVisDom_test_indicators,test/test_video_0008.mp4,20,3:47:00,3:49:00,false,"rhs indicator, bs indicator",0:02:00,,,
SurgVisDom,SurgVisDom_test_indicators,test/test_video_0008.mp4,20,3:49:00,4:17:00,false,default,0:28:00,,,
SurgVisDom,SurgVisDom_test_indicators,test/test_video_0008.mp4,20,4:17:00,4:19:00,false,"rhs indicator, bs indicator",0:02:00,,,
SurgVisDom,SurgVisDom_test_indicators,test/test_video_0008.mp4,20,4:19:00,4:34:00,false,default,0:15:00,,,
SurgVisDom,SurgVisDom_test_indicators,test/test_video_0008.mp4,20,4:34:00,4:37:00,false,"rhs indicator, bs indicator",0:03:00,,,
SurgVisDom,SurgVisDom_test_indicators,test/test_video_0008.mp4,20,4:37:00,4:48:00,false,default,0:11:00,,,
SurgVisDom,SurgVisDom_test_indicators,test/test_video_0008.mp4,20,4:48:00,4:49:00,false,rhs indicator,0:01:00,,,
SurgVisDom,SurgVisDom_test_indicators,test/test_video_0008.mp4,20,4:49:00,5:09:00,false,default,0:20:00,,,
SurgVisDom,SurgVisDom_test_indicators,test/test_video_0008.mp4,20,5:09:00,5:13:00,true,"rhs indicator, bs indicator",0:04:00,,,
SurgVisDom,SurgVisDom_test_indicators,test/test_video_0008.mp4,20,5:13:00,5:32:00,false,default,0:19:00,,,
SurgVisDom,SurgVisDom_test_indicators,test/test_video_0008.mp4,20,5:32:00,5:34:00,false,rhs indicator,0:02:00,,,
SurgVisDom,SurgVisDom_test_indicators,test/test_video_0008.mp4,20,5:34:00,5:43:00,false,default,0:09:00,,,
SurgVisDom,SurgVisDom_test_indicators,test/test_video_0008.mp4,20,5:43:00,5:44:00,false,rhs indicator,0:01:00,,,
SurgVisDom,SurgVisDom_test_indicators,test/test_video_0008.mp4,20,5:44:00,5:56:00,false,default,0:12:00,,,
SurgVisDom,SurgVisDom_test_indicators,test/test_video_0008.mp4,20,5:56:00,5:57:00,false,rhs indicator,0:01:00,,,
SurgVisDom,SurgVisDom_test_indicators,test/test_video_0008.mp4,20,5:57:00,6:11:00,false,default,0:14:00,,,
SurgVisDom,SurgVisDom_test_indicators,test/test_video_0008.mp4,20,6:11:00,6:13:00,false,"rhs indicator, bs indicator",0:02:00,,,
SurgVisDom,SurgVisDom_test_indicators,test/test_video_0008.mp4,20,6:13:00,6:31:00,false,default,0:18:00,,,
SurgVisDom,SurgVisDom_test_indicators,test/test_video_0008.mp4,20,6:31:00,6:33:00,false,rhs indicator,0:02:00,,,
SurgVisDom,SurgVisDom_test_indicators,test/test_video_0008.mp4,20,6:33:00,6:42:00,false,default,0:09:00,,,
SurgVisDom,SurgVisDom_test_indicators,test/test_video_0008.mp4,20,6:42:00,6:43:00,false,bs indicator,0:01:00,,,
SurgVisDom,SurgVisDom_test_indicators,test/test_video_0008.mp4,20,6:43:00,6:45:00,true,bs indicator,0:02:00,,,
SurgVisDom,SurgVisDom_test_indicators,test/test_video_0008.mp4,20,6:45:00,6:46:00,false,default,0:01:00,,,
SurgVisDom,SurgVisDom_test_indicators,test/test_video_0008.mp4,20,6:46:00,6:48:00,false,"rhs indicator, bs indicator",0:02:00,,,
SurgVisDom,SurgVisDom_test_indicators,test/test_video_0008.mp4,20,6:48:00,7:01:00,false,default,0:13:00,,,
SurgVisDom,SurgVisDom_test_indicators,test/test_video_0008.mp4,20,7:01:00,7:04:00,true,bs indicator,0:03:00,,,
SurgVisDom,SurgVisDom_test_indicators,test/test_video_0008.mp4,20,7:04:00,7:12:00,false,default,0:08:00,,,
SurgVisDom,SurgVisDom_test_indicators,test/test_video_0008.mp4,20,7:12:00,7:13:00,true,bs indicator,0:01:00,,,
SurgVisDom,SurgVisDom_test_indicators,test/test_video_0008.mp4,20,7:13:00,7:17:00,false,default,0:04:00,,,
SurgVisDom,SurgVisDom_test_indicators,test/test_video_0008.mp4,20,7:17:00,7:19:00,true,bs indicator,0:02:00,,,
SurgVisDom,SurgVisDom_test_indicators,test/test_video_0008.mp4,20,7:19:00,7:50:00,false,default,0:31:00,,,
SurgVisDom,SurgVisDom_test_indicators,test/test_video_0008.mp4,20,7:50:00,7:51:00,false,rhs indicator,0:01:00,,,
SurgVisDom,SurgVisDom_test_indicators,test/test_video_0008.mp4,20,7:51:00,7:58:00,false,default,0:07:00,,,
SurgVisDom,SurgVisDom_test_indicators,test/test_video_0008.mp4,20,7:58:00,8:00:00,true,bs indicator,0:02:00,,,
SurgVisDom,SurgVisDom_test_indicators,test/test_video_0008.mp4,20,8:00:00,8:02:00,false,"rhs indicator, bs indicator",0:02:00,,,
SurgVisDom,SurgVisDom_test_indicators,test/test_video_0008.mp4,20,8:02:00,8:14:00,false,default,0:12:00,,,
SurgVisDom,SurgVisDom_test_indicators,test/test_video_0008.mp4,20,8:14:00,8:15:00,false,rhs indicator,0:01:00,,,
SurgVisDom,SurgVisDom_test_indicators,test/test_video_0008.mp4,20,8:15:00,8:19:00,false,default,0:04:00,,,
SurgVisDom,SurgVisDom_test_indicators,test/test_video_0008.mp4,20,8:19:00,8:21:00,false,"lhs indicator, rhs indicator",0:02:00,,,
SurgVisDom,SurgVisDom_test_indicators,test/test_video_0008.mp4,20,8:21:00,8:45:00,false,default,0:24:00,,,
SurgVisDom,SurgVisDom_test_indicators,test/test_video_0009.mp4,20,0:00:00,0:13:00,false,default,0:13:00,0:00:00,,
SurgVisDom,SurgVisDom_test_indicators,test/test_video_0009.mp4,20,0:13:00,0:15:00,false,bs indicator,0:02:00,,,
SurgVisDom,SurgVisDom_test_indicators,test/test_video_0009.mp4,20,0:15:00,0:21:00,false,default,0:06:00,,,
SurgVisDom,SurgVisDom_test_indicators,test/test_video_0009.mp4,20,0:21:00,0:24:00,true,bs indicator,0:03:00,,,
SurgVisDom,SurgVisDom_test_indicators,test/test_video_0009.mp4,20,0:24:00,0:38:00,false,default,0:14:00,,,
SurgVisDom,SurgVisDom_test_indicators,test/test_video_0009.mp4,20,0:38:00,0:39:00,false,bs indicator,0:01:00,,,
SurgVisDom,SurgVisDom_test_indicators,test/test_video_0009.mp4,20,0:39:00,1:52:00,false,default,1:13:00,,,
SurgVisDom,SurgVisDom_test_indicators,test/test_video_0009.mp4,20,1:52:00,1:54:00,false,bs indicator,0:02:00,,,
SurgVisDom,SurgVisDom_test_indicators,test/test_video_0009.mp4,20,1:54:00,2:06:00,false,default,0:12:00,,,
SurgVisDom,SurgVisDom_test_indicators,test/test_video_0009.mp4,20,2:06:00,2:07:00,false,bs indicator,0:01:00,,,
SurgVisDom,SurgVisDom_test_indicators,test/test_video_0009.mp4,20,2:07:00,2:28:00,false,default,0:21:00,,,
SurgVisDom,SurgVisDom_test_indicators,test/test_video_0009.mp4,20,2:28:00,2:32:00,false,bs indicator,0:04:00,,,
SurgVisDom,SurgVisDom_test_indicators,test/test_video_0009.mp4,20,2:32:00,2:38:00,false,default,0:06:00,,,
SurgVisDom,SurgVisDom_test_indicators,test/test_video_0009.mp4,20,2:38:00,2:40:00,false,bs indicator,0:02:00,,,
SurgVisDom,SurgVisDom_test_indicators,test/test_video_0009.mp4,20,2:40:00,2:48:00,false,default,0:08:00,,,
SurgVisDom,SurgVisDom_test_indicators,test/test_video_0009.mp4,20,2:48:00,2:52:00,false,bs indicator,0:04:00,,,
SurgVisDom,SurgVisDom_test_indicators,test/test_video_0009.mp4,20,2:52:00,3:22:00,false,default,0:30:00,,,
SurgVisDom,SurgVisDom_test_indicators,test/test_video_0009.mp4,20,3:22:00,3:23:00,false,bs indicator,0:01:00,,,
SurgVisDom,SurgVisDom_test_indicators,test/test_video_0009.mp4,20,3:23:00,4:07:00,false,default,0:44:00,,,
SurgVisDom,SurgVisDom_test_indicators,test/test_video_0009.mp4,20,4:07:00,4:09:00,false,bs indicator,0:02:00,,,
SurgVisDom,SurgVisDom_test_indicators,test/test_video_0009.mp4,20,4:09:00,4:24:00,false,default,0:15:00,,,
SurgVisDom,SurgVisDom_test_indicators,test/test_video_0009.mp4,20,4:24:00,4:26:00,false,bs indicator,0:02:00,,,
SurgVisDom,SurgVisDom_test_indicators,test/test_video_0009.mp4,20,4:26:00,4:30:00,false,default,0:04:00,,,
SurgVisDom,SurgVisDom_test_indicators,test/test_video_0009.mp4,20,4:30:00,4:31:00,false,bs indicator,0:01:00,,,
SurgVisDom,SurgVisDom_test_indicators,test/test_video_0009.mp4,20,4:31:00,4:32:00,false,default,0:01:00,,,
SurgVisDom,SurgVisDom_test_indicators,test/test_video_0009.mp4,20,4:32:00,4:34:00,true,bs indicator,0:02:00,,,
SurgVisDom,SurgVisDom_test_indicators,test/test_video_0009.mp4,20,4:34:00,4:37:00,false,default,0:03:00,,,
SurgVisDom,SurgVisDom_test_indicators,test/test_video_0009.mp4,20,4:37:00,4:38:00,false,bs indicator,0:01:00,,,
SurgVisDom,SurgVisDom_test_indicators,test/test_video_0009.mp4,20,4:38:00,4:39:00,false,default,0:01:00,,,
SurgVisDom,SurgVisDom_test_indicators,test/test_video_0009.mp4,20,4:39:00,4:40:00,false,bs indicator,0:01:00,,,
SurgVisDom,SurgVisDom_test_indicators,test/test_video_0009.mp4,20,4:40:00,5:02:00,false,default,0:22:00,,,
SurgVisDom,SurgVisDom_test_indicators,test/test_video_0009.mp4,20,5:02:00,5:03:00,false,bs indicator,0:01:00,,,
SurgVisDom,SurgVisDom_test_indicators,test/test_video_0009.mp4,20,5:03:00,5:33:00,false,default,0:30:00,,,
SurgVisDom,SurgVisDom_test_indicators,test/test_video_0012.mp4,20,0:00:00,0:10:00,false,default,0:10:00,0:00:00,,
SurgVisDom,SurgVisDom_test_indicators,test/test_video_0012.mp4,20,0:10:00,0:11:00,false,rhs indicator,0:01:00,,,
SurgVisDom,SurgVisDom_test_indicators,test/test_video_0012.mp4,20,0:11:00,0:43:00,false,default,0:32:00,,,
SurgVisDom,SurgVisDom_test_indicators,test/test_video_0012.mp4,20,0:43:00,0:45:00,false,rhs indicator,0:02:00,,,
SurgVisDom,SurgVisDom_test_indicators,test/test_video_0012.mp4,20,0:45:00,0:46:00,false,default,0:01:00,,,
SurgVisDom,SurgVisDom_test_indicators,test/test_video_0012.mp4,20,0:46:00,0:48:00,false,bs indicator,0:02:00,,,
SurgVisDom,SurgVisDom_test_indicators,test/test_video_0012.mp4,20,0:48:00,0:58:00,false,default,0:10:00,,,
SurgVisDom,SurgVisDom_test_indicators,test/test_video_0012.mp4,20,0:58:00,0:59:00,false,rhs indicator,0:01:00,,,
SurgVisDom,SurgVisDom_test_indicators,test/test_video_0012.mp4,20,0:59:00,1:06:00,false,default,0:07:00,,,
SurgVisDom,SurgVisDom_test_indicators,test/test_video_0012.mp4,20,1:06:00,1:08:00,true,bs indicator,0:02:00,,,
SurgVisDom,SurgVisDom_test_indicators,test/test_video_0012.mp4,20,1:08:00,1:21:00,false,default,0:13:00,,,
SurgVisDom,SurgVisDom_test_indicators,test/test_video_0012.mp4,20,1:21:00,1:24:00,false,rhs indicator,0:03:00,,,
SurgVisDom,SurgVisDom_test_indicators,test/test_video_0012.mp4,20,1:24:00,1:39:00,false,default,0:15:00,,,
SurgVisDom,SurgVisDom_test_indicators,test/test_video_0012.mp4,20,1:39:00,1:40:00,false,bs indicator,0:01:00,,,
SurgVisDom,SurgVisDom_test_indicators,test/test_video_0012.mp4,20,1:40:00,1:41:00,false,default,0:01:00,,,
SurgVisDom,SurgVisDom_test_indicators,test/test_video_0012.mp4,20,1:41:00,1:42:00,false,rhs indicator,0:01:00,,,
SurgVisDom,SurgVisDom_test_indicators,test/test_video_0012.mp4,20,1:42:00,1:44:00,false,bs indicator,0:02:00,,,
SurgVisDom,SurgVisDom_test_indicators,test/test_video_0012.mp4,20,1:44:00,2:07:00,false,default,0:23:00,,,
SurgVisDom,SurgVisDom_test_indicators,test/test_video_0012.mp4,20,2:07:00,2:09:00,false,"rhs indicator, bs indicator",0:02:00,,,
SurgVisDom,SurgVisDom_test_indicators,test/test_video_0012.mp4,20,2:09:00,2:13:00,false,default,0:04:00,,,
SurgVisDom,SurgVisDom_test_indicators,test/test_video_0012.mp4,20,2:13:00,2:14:00,false,bs indicator,0:01:00,,,
SurgVisDom,SurgVisDom_test_indicators,test/test_video_0012.mp4,20,2:14:00,2:16:00,false,default,0:02:00,,,
SurgVisDom,SurgVisDom_test_indicators,test/test_video_0012.mp4,20,2:16:00,2:48:00,false,rhs indicator,0:32:00,,,
SurgVisDom,SurgVisDom_test_indicators,test/test_video_0012.mp4,20,2:48:00,2:50:00,false,default,0:02:00,,,
SurgVisDom,SurgVisDom_test_indicators,test/test_video_0012.mp4,20,2:50:00,2:54:00,true,bs indicator,0:04:00,,,
SurgVisDom,SurgVisDom_test_indicators,test/test_video_0012.mp4,20,2:54:00,2:55:00,false,default,0:01:00,,,
SurgVisDom,SurgVisDom_test_indicators,test/test_video_0012.mp4,20,2:55:00,2:58:00,false,"rhs indicator, bs indicator",0:03:00,,,
SurgVisDom,SurgVisDom_test_indicators,test/test_video_0012.mp4,20,2:58:00,2:59:00,false,default,0:01:00,,,
SurgVisDom,SurgVisDom_test_indicators,test/test_video_0012.mp4,20,2:59:00,3:00:00,false,bs indicator,0:01:00,,,
SurgVisDom,SurgVisDom_test_indicators,test/test_video_0012.mp4,20,3:00:00,3:03:00,false,default,0:03:00,,,
SurgVisDom,SurgVisDom_test_indicators,test/test_video_0012.mp4,20,3:03:00,3:05:00,false,rhs indicator,0:02:00,,,
SurgVisDom,SurgVisDom_test_indicators,test/test_video_0012.mp4,20,3:05:00,3:06:00,false,bs indicator,0:01:00,,,
SurgVisDom,SurgVisDom_test_indicators,test/test_video_0012.mp4,20,3:06:00,3:07:00,false,rhs indicator,0:01:00,,,
SurgVisDom,SurgVisDom_test_indicators,test/test_video_0012.mp4,20,3:07:00,3:39:00,false,default,0:32:00,,,
SurgVisDom,SurgVisDom_test_indicators,test/test_video_0012.mp4,20,3:39:00,3:41:00,false,rhs indicator,0:02:00,,,
SurgVisDom,SurgVisDom_test_indicators,test/test_video_0012.mp4,20,3:41:00,3:56:00,false,default,0:15:00,,,
SurgVisDom,SurgVisDom_test_indicators,test/test_video_0012.mp4,20,3:56:00,3:58:00,false,rhs indicator,0:02:00,,,
SurgVisDom,SurgVisDom_test_indicators,test/test_video_0012.mp4,20,3:58:00,4:08:00,false,default,0:10:00,,,
SurgVisDom,SurgVisDom_test_indicators,test/test_video_0012.mp4,20,4:08:00,4:10:00,false,bs indicator,0:02:00,,,
SurgVisDom,SurgVisDom_test_indicators,test/test_video_0012.mp4,20,4:10:00,4:13:00,false,default,0:03:00,,,
SurgVisDom,SurgVisDom_test_indicators,test/test_video_0012.mp4,20,4:13:00,4:15:00,false,rhs indicator,0:02:00,,,
SurgVisDom,SurgVisDom_test_indicators,test/test_video_0012.mp4,20,4:15:00,4:17:00,false,bs indicator,0:02:00,,,
SurgVisDom,SurgVisDom_test_indicators,test/test_video_0012.mp4,20,4:17:00,4:37:00,false,default,0:20:00,,,
SurgVisDom,SurgVisDom_test_indicators,test/test_video_0012.mp4,20,4:37:00,4:38:00,false,rhs indicator,0:01:00,,,
SurgVisDom,SurgVisDom_test_indicators,test/test_video_0012.mp4,20,4:38:00,4:57:00,false,default,0:19:00,,,
SurgVisDom,SurgVisDom_test_indicators,test/test_video_0012.mp4,20,4:57:00,5:02:00,false,rhs indicator,0:05:00,,,
SurgVisDom,SurgVisDom_test_indicators,test/test_video_0012.mp4,20,5:02:00,5:05:00,false,default,0:03:00,,,
SurgVisDom,SurgVisDom_test_indicators,test/test_video_0012.mp4,20,5:05:00,5:07:00,false,rhs indicator,0:02:00,,,
SurgVisDom,SurgVisDom_test_indicators,test/test_video_0012.mp4,20,5:07:00,5:33:00,false,default,0:26:00,,,
SurgVisDom,SurgVisDom_test_indicators,test/test_video_0012.mp4,20,5:33:00,5:34:00,false,rhs indicator,0:01:00,,,
SurgVisDom,SurgVisDom_test_indicators,test/test_video_0012.mp4,20,5:34:00,5:46:00,false,default,0:12:00,,,
SurgVisDom,SurgVisDom_test_indicators,test/test_video_0012.mp4,20,5:46:00,5:48:00,false,rhs indicator,0:02:00,,,
SurgVisDom,SurgVisDom_test_indicators,test/test_video_0012.mp4,20,5:48:00,5:56:00,false,default,0:08:00,,,
SurgVisDom,SurgVisDom_test_indicators,test/test_video_0012.mp4,20,5:56:00,5:58:00,true,bs indicator,0:02:00,,,
SurgVisDom,SurgVisDom_test_indicators,test/test_video_0012.mp4,20,5:58:00,6:27:00,false,default,0:29:00,,,
SurgVisDom,SurgVisDom_test_indicators,test/test_video_0012.mp4,20,6:27:00,6:29:00,false,rhs indicator,0:02:00,,,
SurgVisDom,SurgVisDom_test_indicators,test/test_video_0012.mp4,20,6:29:00,6:34:00,false,default,0:05:00,,,
SurgVisDom,SurgVisDom_test_indicators,test/test_video_0012.mp4,20,6:34:00,6:42:00,false,bs indicator,0:08:00,,,
SurgVisDom,SurgVisDom_test_indicators,test/test_video_0012.mp4,20,6:42:00,6:47:00,false,default,0:05:00,,,
SurgVisDom,SurgVisDom_test_indicators,test/test_video_0012.mp4,20,6:47:00,6:49:00,false,bs indicator,0:02:00,,,
SurgVisDom,SurgVisDom_test_indicators,test/test_video_0012.mp4,20,6:49:00,7:05:00,false,default,0:16:00,,,
SurgVisDom,SurgVisDom_test_indicators,test/test_video_0012.mp4,20,7:05:00,7:08:00,false,bs indicator,0:03:00,,,
SurgVisDom,SurgVisDom_test_indicators,test/test_video_0012.mp4,20,7:08:00,7:11:00,false,default,0:03:00,,,
SurgVisDom,SurgVisDom_test_indicators,test/test_video_0012.mp4,20,7:11:00,7:12:00,false,rhs indicator,0:01:00,,,
SurgVisDom,SurgVisDom_test_indicators,test/test_video_0012.mp4,20,7:12:00,7:13:00,false,bs indicator,0:01:00,,,
SurgVisDom,SurgVisDom_test_indicators,test/test_video_0012.mp4,20,7:13:00,7:22:00,false,default,0:09:00,,,
SurgVisDom,SurgVisDom_train_indicators,train_1/Porcine/Dissection/DS_0001.mp4,20,0:00:00,0:03:00,false,default,0:03:00,0:00:00,,
SurgVisDom,SurgVisDom_train_indicators,train_1/Porcine/Dissection/DS_0001.mp4,20,0:03:00,0:04:00,false,bs indicator,0:01:00,,,
SurgVisDom,SurgVisDom_train_indicators,train_1/Porcine/Dissection/DS_0001.mp4,20,0:04:00,0:09:00,false,default,0:05:00,,,
SurgVisDom,SurgVisDom_train_indicators,train_1/Porcine/Dissection/DS_0001.mp4,20,0:09:00,0:10:00,false,rhs indicator,0:01:00,,,
SurgVisDom,SurgVisDom_train_indicators,train_1/Porcine/Dissection/DS_0001.mp4,20,0:10:00,0:13:00,false,default,0:03:00,,,
SurgVisDom,SurgVisDom_train_indicators,train_1/Porcine/Dissection/DS_0001.mp4,20,0:13:00,0:14:00,false,rhs indicator,0:01:00,,,
SurgVisDom,SurgVisDom_train_indicators,train_1/Porcine/Dissection/DS_0001.mp4,20,0:14:00,0:24:00,false,default,0:10:00,,,
SurgVisDom,SurgVisDom_train_indicators,train_1/Porcine/Dissection/DS_0001.mp4,20,0:24:00,0:26:00,false,rhs indicator,0:02:00,,,
SurgVisDom,SurgVisDom_train_indicators,train_1/Porcine/Dissection/DS_0001.mp4,20,0:26:00,0:30:00,false,default,0:04:00,,,
SurgVisDom,SurgVisDom_train_indicators,train_1/Porcine/Dissection/DS_0001.mp4,20,0:30:00,0:31:00,false,rhs indicator,0:01:00,,,
SurgVisDom,SurgVisDom_train_indicators,train_1/Porcine/Dissection/DS_0001.mp4,20,0:31:00,0:34:00,false,default,0:03:00,,,
SurgVisDom,SurgVisDom_train_indicators,train_1/Porcine/Dissection/DS_0001.mp4,20,0:34:00,0:35:00,false,rhs indicator,0:01:00,,,
SurgVisDom,SurgVisDom_train_indicators,train_1/Porcine/Dissection/DS_0001.mp4,20,0:35:00,0:41:00,false,default,0:06:00,,,
SurgVisDom,SurgVisDom_train_indicators,train_1/Porcine/Dissection/DS_0001.mp4,20,0:41:00,0:43:00,false,rhs indicator,0:02:00,,,
SurgVisDom,SurgVisDom_train_indicators,train_1/Porcine/Dissection/DS_0001.mp4,20,0:43:00,0:45:00,false,default,0:02:00,,,
SurgVisDom,SurgVisDom_train_indicators,train_1/Porcine/Dissection/DS_0001.mp4,20,0:45:00,0:47:00,false,rhs indicator,0:02:00,,,
SurgVisDom,SurgVisDom_train_indicators,train_1/Porcine/Dissection/DS_0001.mp4,20,0:47:00,0:50:00,false,default,0:03:00,,,
SurgVisDom,SurgVisDom_train_indicators,train_1/Porcine/Dissection/DS_0001.mp4,20,0:50:00,0:51:00,true,bs indicator,0:01:00,,,
SurgVisDom,SurgVisDom_train_indicators,train_1/Porcine/Dissection/DS_0001.mp4,20,0:51:00,0:52:00,false,rhs indicator,0:01:00,,,
SurgVisDom,SurgVisDom_train_indicators,train_1/Porcine/Dissection/DS_0001.mp4,20,0:52:00,0:54:00,false,default,0:02:00,,,
SurgVisDom,SurgVisDom_train_indicators,train_1/Porcine/Dissection/DS_0001.mp4,20,0:54:00,0:55:00,false,rhs indicator,0:01:00,,,
SurgVisDom,SurgVisDom_train_indicators,train_1/Porcine/Dissection/DS_0001.mp4,20,0:55:00,1:02:00,false,default,0:07:00,,,
SurgVisDom,SurgVisDom_train_indicators,train_1/Porcine/Dissection/DS_0001.mp4,20,1:02:00,1:03:00,false,rhs indicator,0:01:00,,,
SurgVisDom,SurgVisDom_train_indicators,train_1/Porcine/Dissection/DS_0002.mp4,20,0:00:00,0:09:00,false,default,0:09:00,0:00:00,,
SurgVisDom,SurgVisDom_train_indicators,train_1/Porcine/Dissection/DS_0002.mp4,20,0:09:00,0:10:00,false,"rhs indicator, bs indicator",0:01:00,,,
SurgVisDom,SurgVisDom_train_indicators,train_1/Porcine/Dissection/DS_0002.mp4,20,0:10:00,0:38:00,false,default,0:28:00,,,
SurgVisDom,SurgVisDom_train_indicators,train_1/Porcine/Dissection/DS_0002.mp4,20,0:38:00,0:39:00,false,rhs indicator,0:01:00,,,
SurgVisDom,SurgVisDom_train_indicators,train_1/Porcine/Dissection/DS_0002.mp4,20,0:39:00,0:42:00,false,default,0:03:00,,,
SurgVisDom,SurgVisDom_train_indicators,train_1/Porcine/Dissection/DS_0002.mp4,20,0:42:00,0:43:00,false,rhs indicator,0:01:00,,,
SurgVisDom,SurgVisDom_train_indicators,train_1/Porcine/Dissection/DS_0002.mp4,20,0:43:00,0:48:00,false,default,0:05:00,,,
SurgVisDom,SurgVisDom_train_indicators,train_1/Porcine/Dissection/DS_0002.mp4,20,0:48:00,0:49:00,false,rhs indicator,0:01:00,,,
SurgVisDom,SurgVisDom_train_indicators,train_1/Porcine/Dissection/DS_0002.mp4,20,0:49:00,0:50:00,false,default,0:01:00,,,
SurgVisDom,SurgVisDom_train_indicators,train_1/Porcine/Dissection/DS_0002.mp4,20,0:50:00,0:51:00,false,rhs indicator,0:01:00,,,
SurgVisDom,SurgVisDom_train_indicators,train_1/Porcine/Dissection/DS_0002.mp4,20,0:51:00,0:58:00,false,default,0:07:00,,,
SurgVisDom,SurgVisDom_train_indicators,train_1/Porcine/Dissection/DS_0002.mp4,20,0:58:00,0:59:00,true,bs indicator,0:01:00,,,
SurgVisDom,SurgVisDom_train_indicators,train_1/Porcine/Dissection/DS_0002.mp4,20,0:59:00,1:05:00,false,default,0:06:00,,,
SurgVisDom,SurgVisDom_train_indicators,train_1/Porcine/Dissection/DS_0002.mp4,20,1:05:00,1:07:00,true,bs indicator,0:02:00,,,
SurgVisDom,SurgVisDom_train_indicators,train_1/Porcine/Dissection/DS_0002.mp4,20,1:07:00,1:10:00,false,rhs indicator,0:03:00,,,
SurgVisDom,SurgVisDom_train_indicators,train_1/Porcine/Dissection/DS_0002.mp4,20,1:10:00,1:21:00,false,default,0:11:00,,,
SurgVisDom,SurgVisDom_train_indicators,train_1/Porcine/Dissection/DS_0002.mp4,20,1:21:00,1:23:00,true,bs indicator,0:02:00,,,
SurgVisDom,SurgVisDom_train_indicators,train_1/Porcine/Dissection/DS_0002.mp4,20,1:23:00,1:24:00,false,rhs indicator,0:01:00,,,
SurgVisDom,SurgVisDom_train_indicators,train_1/Porcine/Dissection/DS_0002.mp4,20,1:24:00,1:32:00,false,default,0:08:00,,,
SurgVisDom,SurgVisDom_train_indicators,train_1/Porcine/Dissection/DS_0002.mp4,20,1:32:00,1:34:00,false,rhs indicator,0:02:00,,,
SurgVisDom,SurgVisDom_train_indicators,train_1/Porcine/Dissection/DS_0002.mp4,20,1:34:00,1:37:00,false,default,0:03:00,,,
SurgVisDom,SurgVisDom_train_indicators,train_1/Porcine/Dissection/DS_0003.mp4,20,0:00:00,0:07:00,false,default,0:07:00,0:00:00,,
SurgVisDom,SurgVisDom_train_indicators,train_1/Porcine/Dissection/DS_0003.mp4,20,0:07:00,0:08:00,false,rhs indicator,0:01:00,,,
SurgVisDom,SurgVisDom_train_indicators,train_1/Porcine/Dissection/DS_0003.mp4,20,0:08:00,0:11:00,false,default,0:03:00,,,
SurgVisDom,SurgVisDom_train_indicators,train_1/Porcine/Dissection/DS_0003.mp4,20,0:11:00,0:12:00,false,rhs indicator,0:01:00,,,
SurgVisDom,SurgVisDom_train_indicators,train_1/Porcine/Dissection/DS_0003.mp4,20,0:12:00,0:14:00,true,bs indicator,0:02:00,,,
SurgVisDom,SurgVisDom_train_indicators,train_1/Porcine/Dissection/DS_0003.mp4,20,0:14:00,0:21:00,false,default,0:07:00,,,
SurgVisDom,SurgVisDom_train_indicators,train_1/Porcine/Dissection/DS_0003.mp4,20,0:21:00,0:22:00,false,rhs indicator,0:01:00,,,
SurgVisDom,SurgVisDom_train_indicators,train_1/Porcine/Dissection/DS_0003.mp4,20,0:22:00,0:24:00,false,default,0:02:00,,,
SurgVisDom,SurgVisDom_train_indicators,train_1/Porcine/Dissection/DS_0003.mp4,20,0:24:00,0:25:00,false,rhs indicator,0:01:00,,,
SurgVisDom,SurgVisDom_train_indicators,train_1/Porcine/Dissection/DS_0003.mp4,20,0:25:00,0:26:00,true,bs indicator,0:01:00,,,
SurgVisDom,SurgVisDom_train_indicators,train_1/Porcine/Dissection/DS_0003.mp4,20,0:26:00,0:36:00,false,default,0:10:00,,,
SurgVisDom,SurgVisDom_train_indicators,train_1/Porcine/Dissection/DS_0003.mp4,20,0:36:00,0:37:00,false,rhs indicator,0:01:00,,,
SurgVisDom,SurgVisDom_train_indicators,train_1/Porcine/Dissection/DS_0003.mp4,20,0:37:00,0:43:00,false,default,0:06:00,,,
SurgVisDom,SurgVisDom_train_indicators,train_1/Porcine/Dissection/DS_0003.mp4,20,0:43:00,0:44:00,false,rhs indicator,0:01:00,,,
SurgVisDom,SurgVisDom_train_indicators,train_1/Porcine/Dissection/DS_0003.mp4,20,0:44:00,0:56:00,false,default,0:12:00,,,
SurgVisDom,SurgVisDom_train_indicators,train_1/Porcine/Dissection/DS_0003.mp4,20,0:56:00,0:57:00,false,rhs indicator,0:01:00,,,
SurgVisDom,SurgVisDom_train_indicators,train_1/Porcine/Dissection/DS_0003.mp4,20,0:57:00,1:04:00,false,default,0:07:00,,,
SurgVisDom,SurgVisDom_train_indicators,train_1/Porcine/Dissection/DS_0003.mp4,20,1:04:00,1:06:00,true,"rhs indicator, bs indicator",0:02:00,,,
SurgVisDom,SurgVisDom_train_indicators,train_1/Porcine/Dissection/DS_0003.mp4,20,1:06:00,1:12:00,false,default,0:06:00,,,
SurgVisDom,SurgVisDom_train_indicators,train_1/Porcine/Dissection/DS_0003.mp4,20,1:12:00,1:14:00,true,bs indicator,0:02:00,,,
SurgVisDom,SurgVisDom_train_indicators,train_1/Porcine/Dissection/DS_0003.mp4,20,1:14:00,1:21:00,false,default,0:07:00,,,
SurgVisDom,SurgVisDom_train_indicators,train_1/Porcine/Dissection/DS_0003.mp4,20,1:21:00,1:22:00,false,rhs indicator,0:01:00,,,
SurgVisDom,SurgVisDom_train_indicators,train_1/Porcine/Dissection/DS_0003.mp4,20,1:22:00,1:24:00,false,default,0:02:00,,,
SurgVisDom,SurgVisDom_train_indicators,train_1/Porcine/Dissection/DS_0003.mp4,20,1:24:00,1:26:00,false,rhs indicator,0:02:00,,,
SurgVisDom,SurgVisDom_train_indicators,train_1/Porcine/Dissection/DS_0003.mp4,20,1:26:00,1:29:00,false,default,0:03:00,,,
SurgVisDom,SurgVisDom_train_indicators,train_1/Porcine/Dissection/DS_0003.mp4,20,1:29:00,1:31:00,true,bs indicator,0:02:00,,,
SurgVisDom,SurgVisDom_train_indicators,train_1/Porcine/Dissection/DS_0003.mp4,20,1:31:00,1:35:00,false,default,0:04:00,,,
SurgVisDom,SurgVisDom_train_indicators,train_1/Porcine/Dissection/DS_0003.mp4,20,1:35:00,1:36:00,false,rhs indicator,0:01:00,,,
SurgVisDom,SurgVisDom_train_indicators,train_1/Porcine/Dissection/DS_0003.mp4,20,1:36:00,1:37:00,false,default,0:01:00,,,
SurgVisDom,SurgVisDom_train_indicators,train_1/Porcine/Dissection/DS_0003.mp4,20,1:37:00,1:39:00,true,"rhs indicator, bs indicator",0:02:00,,,
SurgVisDom,SurgVisDom_train_indicators,train_1/Porcine/Dissection/DS_0003.mp4,20,1:39:00,1:41:00,false,default,0:02:00,,,
SurgVisDom,SurgVisDom_train_indicators,train_1/Porcine/Dissection/DS_0003.mp4,20,1:41:00,1:42:00,false,rhs indicator,0:01:00,,,
SurgVisDom,SurgVisDom_train_indicators,train_1/Porcine/Dissection/DS_0003.mp4,20,1:42:00,1:44:00,false,default,0:02:00,,,
SurgVisDom,SurgVisDom_train_indicators,train_1/Porcine/Dissection/DS_0003.mp4,20,1:44:00,1:46:00,true,bs indicator,0:02:00,,,
SurgVisDom,SurgVisDom_train_indicators,train_1/Porcine/Dissection/DS_0003.mp4,20,1:46:00,1:47:00,false,rhs indicator,0:01:00,,,
SurgVisDom,SurgVisDom_train_indicators,train_1/Porcine/Dissection/DS_0003.mp4,20,1:47:00,1:50:00,false,default,0:03:00,,,
SurgVisDom,SurgVisDom_train_indicators,train_1/Porcine/Dissection/DS_0003.mp4,20,1:50:00,1:51:00,false,rhs indicator,0:01:00,,,
SurgVisDom,SurgVisDom_train_indicators,train_1/Porcine/Dissection/DS_0003.mp4,20,1:51:00,1:54:00,false,default,0:03:00,,,
SurgVisDom,SurgVisDom_train_indicators,train_1/Porcine/Dissection/DS_0004.mp4,20,0:00:00,0:10:00,false,default,0:10:00,0:00:00,,
SurgVisDom,SurgVisDom_train_indicators,train_1/Porcine/Dissection/DS_0004.mp4,20,0:10:00,0:11:00,false,rhs indicator,0:01:00,,,
SurgVisDom,SurgVisDom_train_indicators,train_1/Porcine/Dissection/DS_0004.mp4,20,0:11:00,0:13:00,false,default,0:02:00,,,
SurgVisDom,SurgVisDom_train_indicators,train_1/Porcine/Dissection/DS_0004.mp4,20,0:13:00,0:15:00,true,"rhs indicator, bs indicator",0:02:00,,,
SurgVisDom,SurgVisDom_train_indicators,train_1/Porcine/Dissection/DS_0004.mp4,20,0:15:00,0:20:00,false,default,0:05:00,,,
SurgVisDom,SurgVisDom_train_indicators,train_1/Porcine/Dissection/DS_0004.mp4,20,0:20:00,0:22:00,true,bs indicator,0:02:00,,,
SurgVisDom,SurgVisDom_train_indicators,train_1/Porcine/Dissection/DS_0004.mp4,20,0:22:00,0:28:00,false,default,0:06:00,,,
SurgVisDom,SurgVisDom_train_indicators,train_1/Porcine/Dissection/DS_0004.mp4,20,0:28:00,0:30:00,true,"rhs indicator, bs indicator",0:02:00,,,
SurgVisDom,SurgVisDom_train_indicators,train_1/Porcine/Dissection/DS_0004.mp4,20,0:30:00,0:35:00,false,default,0:05:00,,,
SurgVisDom,SurgVisDom_train_indicators,train_1/Porcine/Dissection/DS_0004.mp4,20,0:35:00,0:37:00,true,bs indicator,0:02:00,,,
SurgVisDom,SurgVisDom_train_indicators,train_1/Porcine/Dissection/DS_0004.mp4,20,0:37:00,0:40:00,false,default,0:03:00,,,
SurgVisDom,SurgVisDom_train_indicators,train_1/Porcine/Dissection/DS_0004.mp4,20,0:40:00,0:42:00,true,"rhs indicator, bs indicator",0:02:00,,,
SurgVisDom,SurgVisDom_train_indicators,train_1/Porcine/Dissection/DS_0004.mp4,20,0:42:00,0:43:00,false,rhs indicator,0:01:00,,,
SurgVisDom,SurgVisDom_train_indicators,train_1/Porcine/Dissection/DS_0004.mp4,20,0:43:00,0:44:00,false,default,0:01:00,,,
SurgVisDom,SurgVisDom_train_indicators,train_1/Porcine/Dissection/DS_0004.mp4,20,0:44:00,0:45:00,false,rhs indicator,0:01:00,,,
SurgVisDom,SurgVisDom_train_indicators,train_1/Porcine/Dissection/DS_0004.mp4,20,0:45:00,0:51:00,false,default,0:06:00,,,
SurgVisDom,SurgVisDom_train_indicators,train_1/Porcine/Dissection/DS_0004.mp4,20,0:51:00,0:52:00,false,rhs indicator,0:01:00,,,
SurgVisDom,SurgVisDom_train_indicators,train_1/Porcine/Dissection/DS_0005.mp4,20,0:00:00,0:09:00,false,default,0:09:00,0:00:00,,
SurgVisDom,SurgVisDom_train_indicators,train_1/Porcine/Dissection/DS_0005.mp4,20,0:09:00,0:10:00,true,bs indicator,0:01:00,,,
SurgVisDom,SurgVisDom_train_indicators,train_1/Porcine/Dissection/DS_0005.mp4,20,0:10:00,0:11:00,false,rhs indicator,0:01:00,,,
SurgVisDom,SurgVisDom_train_indicators,train_1/Porcine/Dissection/DS_0005.mp4,20,0:11:00,0:16:00,false,default,0:05:00,,,
SurgVisDom,SurgVisDom_train_indicators,train_1/Porcine/Dissection/DS_0005.mp4,20,0:16:00,0:17:00,false,rhs indicator,0:01:00,,,
SurgVisDom,SurgVisDom_train_indicators,train_1/Porcine/Dissection/DS_0005.mp4,20,0:17:00,0:19:00,false,default,0:02:00,,,
SurgVisDom,SurgVisDom_train_indicators,train_1/Porcine/Dissection/DS_0005.mp4,20,0:19:00,0:20:00,false,rhs indicator,0:01:00,,,
SurgVisDom,SurgVisDom_train_indicators,train_1/Porcine/Dissection/DS_0005.mp4,20,0:20:00,0:24:00,false,default,0:04:00,,,
SurgVisDom,SurgVisDom_train_indicators,train_1/Porcine/Dissection/DS_0005.mp4,20,0:24:00,0:25:00,false,rhs indicator,0:01:00,,,
SurgVisDom,SurgVisDom_train_indicators,train_1/Porcine/Dissection/DS_0006.mp4,20,0:00:00,0:03:00,false,default,0:03:00,0:00:00,,
SurgVisDom,SurgVisDom_train_indicators,train_1/Porcine/Dissection/DS_0006.mp4,20,0:03:00,0:05:00,false,"lhs indicator, rhs indicator",0:02:00,,,
SurgVisDom,SurgVisDom_train_indicators,train_1/Porcine/Dissection/DS_0006.mp4,20,0:05:00,0:07:00,false,lhs indicator,0:02:00,,,
SurgVisDom,SurgVisDom_train_indicators,train_1/Porcine/Dissection/DS_0006.mp4,20,0:07:00,0:08:00,true,"lhs indicator, bs indicator",0:01:00,,,
SurgVisDom,SurgVisDom_train_indicators,train_1/Porcine/Dissection/DS_0006.mp4,20,0:08:00,0:11:00,false,lhs indicator,0:03:00,,,
SurgVisDom,SurgVisDom_train_indicators,train_1/Porcine/Dissection/DS_0006.mp4,20,0:11:00,0:20:00,false,default,0:09:00,,,
SurgVisDom,SurgVisDom_train_indicators,train_1/Porcine/Dissection/DS_0007.mp4,20,0:00:00,0:07:00,false,tlhs indicator,0:07:00,0:00:00,,
SurgVisDom,SurgVisDom_train_indicators,train_1/Porcine/Dissection/DS_0007.mp4,20,0:07:00,0:09:00,true,"big bs indicator, tlhs indicator",0:02:00,,,
SurgVisDom,SurgVisDom_train_indicators,train_1/Porcine/Dissection/DS_0007.mp4,20,0:09:00,1:05:00,false,tlhs indicator,0:56:00,,,
SurgVisDom,SurgVisDom_train_indicators,train_1/Porcine/Dissection/DS_0007.mp4,20,1:05:00,1:07:00,true,"big bs indicator, tlhs indicator",0:02:00,,,
SurgVisDom,SurgVisDom_train_indicators,train_1/Porcine/Dissection/DS_0007.mp4,20,1:07:00,1:08:00,false,tlhs indicator,0:01:00,,,
SurgVisDom,SurgVisDom_train_indicators,train_1/Porcine/Dissection/DS_0007.mp4,20,1:08:00,1:09:00,true,"big bs indicator, tlhs indicator",0:01:00,,,
SurgVisDom,SurgVisDom_train_indicators,train_1/Porcine/Dissection/DS_0007.mp4,20,1:09:00,3:04:00,false,tlhs indicator,1:55:00,,,
SurgVisDom,SurgVisDom_train_indicators,train_1/Porcine/Dissection/DS_0008.mp4,20,0:00:00,0:50:00,false,tlhs indicator,0:50:00,0:00:00,,
SurgVisDom,SurgVisDom_train_indicators,train_1/Porcine/Dissection/DS_0008.mp4,20,0:50:00,0:52:00,true,"big bs indicator, tlhs indicator",0:02:00,,,
SurgVisDom,SurgVisDom_train_indicators,train_1/Porcine/Dissection/DS_0008.mp4,20,0:52:00,0:54:00,false,tlhs indicator,0:02:00,,,
SurgVisDom,SurgVisDom_train_indicators,train_1/Porcine/Knot_Tying/KT_0001.mp4,20,0:00:00,0:23:00,false,default,0:23:00,0:00:00,,
SurgVisDom,SurgVisDom_train_indicators,train_1/Porcine/Knot_Tying/KT_0002.mp4,20,0:00:00,0:17:00,false,default,0:17:00,0:00:00,,
SurgVisDom,SurgVisDom_train_indicators,train_1/Porcine/Knot_Tying/KT_0003.mp4,20,0:00:00,0:15:00,false,default,0:15:00,0:00:00,,
SurgVisDom,SurgVisDom_train_indicators,train_1/Porcine/Knot_Tying/KT_0004.mp4,20,0:00:00,0:16:00,false,default,0:16:00,0:00:00,,
SurgVisDom,SurgVisDom_train_indicators,train_1/Porcine/Knot_Tying/KT_0005.mp4,20,0:00:00,0:16:00,false,default,0:16:00,0:00:00,,
SurgVisDom,SurgVisDom_train_indicators,train_1/Porcine/Knot_Tying/KT_0006.mp4,20,0:00:00,0:17:00,false,default,0:17:00,0:00:00,,
SurgVisDom,SurgVisDom_train_indicators,train_1/Porcine/Knot_Tying/KT_0007.mp4,20,0:00:00,0:14:00,false,default,0:14:00,0:00:00,,
SurgVisDom,SurgVisDom_train_indicators,train_1/Porcine/Knot_Tying/KT_0008.mp4,20,0:00:00,0:21:00,false,default,0:21:00,0:00:00,,
SurgVisDom,SurgVisDom_train_indicators,train_1/Porcine/Needle_Driving/ND_0001.mp4,20,0:00:00,0:07:00,false,default,0:07:00,0:00:00,,
SurgVisDom,SurgVisDom_train_indicators,train_1/Porcine/Needle_Driving/ND_0002.mp4,20,0:00:00,0:01:00,false,bs indicator,0:01:00,0:00:00,,
SurgVisDom,SurgVisDom_train_indicators,train_1/Porcine/Needle_Driving/ND_0002.mp4,20,0:01:00,0:02:00,false,lhs indicator,0:01:00,,,
SurgVisDom,SurgVisDom_train_indicators,train_1/Porcine/Needle_Driving/ND_0002.mp4,20,0:02:00,0:10:00,false,default,0:08:00,,,
SurgVisDom,SurgVisDom_train_indicators,train_1/Porcine/Needle_Driving/ND_0003.mp4,20,0:00:00,0:06:00,false,default,0:06:00,0:00:00,,
SurgVisDom,SurgVisDom_train_indicators,train_1/Porcine/Needle_Driving/ND_0004.mp4,20,0:00:00,0:08:00,false,default,0:08:00,0:00:00,,
SurgVisDom,SurgVisDom_train_indicators,train_1/Porcine/Needle_Driving/ND_0005.mp4,20,0:00:00,0:10:00,false,default,0:10:00,0:00:00,,
SurgVisDom,SurgVisDom_train_indicators,train_1/Porcine/Needle_Driving/ND_0006.mp4,20,0:00:00,0:12:00,false,default,0:12:00,0:00:00,,
SurgVisDom,SurgVisDom_train_indicators,train_1/Porcine/Needle_Driving/ND_0007.mp4,20,0:00:00,0:02:00,false,default,0:02:00,0:00:00,,
SurgVisDom,SurgVisDom_train_indicators,train_1/Porcine/Needle_Driving/ND_0007.mp4,20,0:02:00,0:03:00,false,bs indicator,0:01:00,,,
SurgVisDom,SurgVisDom_train_indicators,train_1/Porcine/Needle_Driving/ND_0007.mp4,20,0:03:00,0:05:00,true,bs indicator,0:02:00,,,
SurgVisDom,SurgVisDom_train_indicators,train_1/Porcine/Needle_Driving/ND_0007.mp4,20,0:05:00,0:06:00,false,default,0:01:00,,,
SurgVisDom,SurgVisDom_train_indicators,train_1/Porcine/Needle_Driving/ND_0008.mp4,20,0:00:00,0:02:00,true,bs indicator,0:02:00,0:00:00,,
SurgVisDom,SurgVisDom_train_indicators,train_1/Porcine/Needle_Driving/ND_0008.mp4,20,0:02:00,0:04:00,false,default,0:02:00,,,
SurgVisDom,SurgVisDom_train_indicators,train_1/Porcine/Needle_Driving/ND_0008.mp4,20,0:04:00,0:05:00,true,bs indicator,0:01:00,,,
SurgVisDom,SurgVisDom_train_indicators,train_1/Porcine/Needle_Driving/ND_0008.mp4,20,0:05:00,0:07:00,false,default,0:02:00,,,
SurgVisDom,SurgVisDom_train_indicators,train_1/Porcine/Needle_Driving/ND_0009.mp4,20,0:00:00,0:01:00,true,bs indicator,0:01:00,0:00:00,,
SurgVisDom,SurgVisDom_train_indicators,train_1/Porcine/Needle_Driving/ND_0009.mp4,20,0:01:00,0:04:00,false,default,0:03:00,,,
SurgVisDom,SurgVisDom_train_indicators,train_1/Porcine/Needle_Driving/ND_0009.mp4,20,0:04:00,0:05:00,true,bs indicator,0:01:00,,,
SurgVisDom,SurgVisDom_train_indicators,train_1/Porcine/Needle_Driving/ND_0009.mp4,20,0:05:00,0:07:00,false,default,0:02:00,,,
SurgVisDom,SurgVisDom_train_indicators,train_1/Porcine/Needle_Driving/ND_0010.mp4,20,0:00:00,0:01:00,true,bs indicator,0:01:00,0:00:00,,
SurgVisDom,SurgVisDom_train_indicators,train_1/Porcine/Needle_Driving/ND_0010.mp4,20,0:01:00,0:03:00,false,default,0:02:00,,,
SurgVisDom,SurgVisDom_train_indicators,train_1/Porcine/Needle_Driving/ND_0010.mp4,20,0:03:00,0:04:00,true,bs indicator,0:01:00,,,
SurgVisDom,SurgVisDom_train_indicators,train_1/Porcine/Needle_Driving/ND_0010.mp4,20,0:04:00,0:06:00,false,default,0:02:00,,,
Mountney,Mountney,left.avi,30,0:00:00,0:04:00,true,default,0:04:00,0:00:00,,
Mountney,Mountney,left.avi,30,0:04:00,1:27:00,false,default,1:23:00,,,
Mountney,Mountney,left.avi,30,1:27:00,1:31:00,true,default,0:04:00,,,
Mountney,Mountney,left.avi,30,1:31:00,4:27:00,false,default,2:56:00,,,
Mountney,Mountney,left.avi,30,4:27:00,4:32:00,true,default,0:05:00,,,
Mountney,Mountney,left.avi,30,4:32:00,5:45:00,false,default,1:13:00,,,
Mountney,Mountney,left.avi,30,5:45:00,5:49:00,true,default,0:04:00,,,
Mountney,Mountney,left.avi,30,5:49:00,7:19:00,false,default,1:30:00,,,
Mountney,Mountney,left.avi,30,7:19:00,7:24:00,true,default,0:05:00,,,
Mountney,Mountney,left.avi,30,7:24:00,8:01:00,false,default,0:37:00,,,
Giannarou,Giannarou,left.avi,30,0:00:00,0:47:00,false,default,0:47:00,0:00:00,,
Giannarou,Giannarou,left.avi,30,0:47:00,0:51:00,true,default,0:04:00,,,
Giannarou,Giannarou,left.avi,30,0:51:00,4:29:00,false,default,3:38:00,,,